station_a,station_b,mileage
下花园,北京西,140
张家口南,下花园,46
柴沟堡,张家口南,48
阳高,柴沟堡,77
大同,阳高,57
丰镇,大同,45
集宁南,丰镇,82
呼和浩特,集宁南,158
察素齐,呼和浩特,51
萨拉齐,察素齐,54
包头东,萨拉齐,44
包头,包头东,16
乌拉特前旗,包头,104
五原,乌拉特前旗,57
临河,五原,57
巴彦高勒,临河,60
乌海,巴彦高勒,83
乌海西,乌海,26
乌拉特前旗,临河,114
呼和浩特,包头东,149
宣化,张家口南,21
下花园,宣化,25
连云港,连云港东,20
东海县,连云港,40
新沂,东海县,41
邳州,新沂,37
徐州,邳州,72
黄口,徐州,49
砀山,黄口,34
虞城县,砀山,43
商丘,虞城县,20
兰考,商丘,88
开封,兰考,43
郑州,开封,72
洛阳,郑州,124
华山,洛阳,264
渭南,华山,67
西安,渭南,56
咸阳,西安,23
杨陵,咸阳,62
蔡家坡,杨陵,45
宝鸡,蔡家坡,43
潼关,渭南,79
灵宝,潼关,77
三门峡西,灵宝,30
洛阳,三门峡西,145
商丘,开封,131
砀山,商丘,63
新沂,徐州,109
连云港,新沂,81
清河门北,阜新南,28
义县,清河门北,43
锦州,义县,48
葫芦岛,锦州,50
兴城,葫芦岛,21
绥中,兴城,48
山海关,绥中,36
滦县,山海关,136
唐山,滦县,71
天津,唐山,123
沧州,天津,126
德州,沧州,113
济南,德州,118
泰山,济南,73
兖州,泰山,83
滕州,兖州,61
徐州,滕州,102
宿州,徐州,74
蚌埠,宿州,90
滁州北,蚌埠,127
南京,滁州北,57
丹阳,南京,92
常州,丹阳,44
无锡,常州,39
苏州,无锡,42
上海,苏州,84
南京,常州,136
枣庄西,徐州,68
滕州,枣庄西,34
邹城,滕州,40
兖州,邹城,21
磁窑,兖州,49
泰山,磁窑,34
禹城,济南,50
平原,禹城,33
德州,平原,35
吴桥,德州,22
东光,吴桥,32
泊头,东光,20
沧州,泊头,39
青县,沧州,32
天津,青县,94
山海关,唐山,173
兴城,山海关,118
阜新南,锦州,119
衡水,北京西,274
清河城,衡水,80
聊城,清河城,72
菏泽,聊城,156
曹县,菏泽,48
商丘,曹县,47
宁陵县,商丘,35
开封,宁陵县,96
民权,兰考,36
宁陵县,民权,17
定陶,曹县,27
菏泽,定陶,21
鄄城,菏泽,27
郓城,鄄城,29
梁山,郓城,24
台前,梁山,18
阳谷,台前,16
聊城,阳谷,42
临清,聊城,46
大营镇,临清,55
衡水,大营镇,51
深州,衡水,35
饶阳,深州,27
任丘,饶阳,65
霸州,任丘,55
北京西,霸州,92
廊坊北,北京,74
杨村,廊坊北,35
天津西,杨村,39
静海,天津西,43
青县,静海,41
昆山,上海,49
苏州,昆山,35
明光,滁州北,65
蚌埠,明光,62
泰山,邹城,104
沧州,济南,231
榆次,太原,27
榆社,榆次,112
武乡,榆社,30
沁县,武乡,23
襄垣,沁县,48
长治北,襄垣,25
长治,长治北,15
高平,长治,55
晋城,高平,39
焦作,晋城,60
新乡,焦作,63
郑州,新乡,80
徐州,砀山,83
民权,商丘,52
开封,民权,79
沁县,长治北,73
太原南,榆次,19
太原,太原南,8
集宁南,呼和浩特东,150
商都,集宁南,84
化德,商都,62
正镶白旗,化德,109
桑根达来,正镶白旗,95
林西,桑根达来,238
大板,林西,51
林东,大板,92
查布嘎,林东,62
开鲁,查布嘎,111
通辽,开鲁,93
宝龙山,通辽,63
通榆,宝龙山,107
白城,通榆,100
镇西,白城,49
葛根庙,镇西,5
乌兰浩特,葛根庙,29
金州,大连,33
瓦房店,金州,72
熊岳城,瓦房店,74
盖州,熊岳城,31
大石桥,盖州,30
海城,大石桥,32
鞍山,海城,36
沈阳,鞍山,89
铁岭,沈阳,70
开原,铁岭,34
昌图,开原,31
四平,昌图,53
公主岭,四平,53
长春,公主岭,62
哈尔滨,长春,246
海林,哈尔滨,333
牡丹江,海林,22
山市,海林,29
横道河子,山市,32
亚布力,横道河子,60
苇河,亚布力,20
一面坡,苇河,31
尚志,一面坡,20
帽儿山,尚志,41
平山,帽儿山,11
小岭,平山,10
玉泉,小岭,17
阿城,玉泉,21
成高子,阿城,21
下板城,承德,34
平泉,下板城,63
杨树岭,平泉,20
三十家,杨树岭,25
凌源,三十家,42
叶柏寿,凌源,31
公营子,叶柏寿,20
朝阳南,公营子,65
北票南,朝阳南,41
义县西,北票南,45
义县,义县西,3
凌海,锦州,23
沟帮子,凌海,41
大虎山,沟帮子,42
新民,大虎山,71
沈阳,新民,56
锦州,沟帮子,64
北票南,义县,48
凌源东,叶柏寿,27
凌源,凌源东,4
小寺沟,平泉,15
下板城,小寺沟,48
普兰店,金州,45
瓦房店,普兰店,27
辽阳,鞍山,25
沈阳,辽阳,64
沈阳北,沈阳,3
铁岭,沈阳北,67
昌图,铁岭,65
八面城,四平,28
双辽,八面城,65
茂林,双辽,58
保康,茂林,19
太平川,保康,34
通榆,太平川,49
黑水,通榆,52
洮南,黑水,16
白城,洮南,32
镇赉,白城,38
泰来,镇赉,64
齐齐哈尔,泰来,116
扎兰屯,齐齐哈尔,192
博克图,扎兰屯,123
免渡河,博克图,95
牙克石,免渡河,33
大雁,牙克石,18
海拉尔,大雁,46
太谷,榆次,36
祁县,太谷,23
平遥,祁县,22
介休,平遥,31
灵石,介休,27
霍州,灵石,43
洪洞,霍州,42
临汾,洪洞,23
侯马,临汾,60
新绛,侯马,16
稷山,新绛,20
河津,稷山,26
韩城,河津,43
西安,韩城,219
韦庄,西安,133
合阳北,韦庄,44
韩城,合阳北,42
霍州,临汾,65
介休,霍州,70
莒南,日照,80
临沂,莒南,54
费县,临沂,44
平邑,费县,43
泗水,平邑,41
曲阜,泗水,23
兖州,曲阜,31
济宁,兖州,32
菏泽,济宁,107
东明县,菏泽,28
长垣,东明县,46
新乡,长垣,101
平邑,兖州,95
许家屯,瓦房店,56
盖州,许家屯,49
苏家屯,辽阳,48
沈阳,苏家屯,16
长春,四平,115
哈尔滨东,长春,255
绥化,哈尔滨东,128
绥棱,绥化,70
海伦,绥棱,32
通北,海伦,42
北安,通北,64
五大连池,北安,52
龙镇,五大连池,11
襄河,龙镇,18
孙吴,襄河,106
黑河,孙吴,116
赵光,北安,27
通北,赵光,37
海北,通北,15
海伦,海北,27
呼兰,绥化,93
哈尔滨东,呼兰,35
五龙背,丹东,24
凤凰城,五龙背,36
草河口,凤凰城,69
本溪,草河口,18
沈阳,本溪,76
新立屯,沈阳,175
阜新南,新立屯,61
义县西,阜新南,72
平泉,凌源,87
承德,平泉,97
鹰手营子,承德,80
兴隆县,鹰手营子,21
密云北,兴隆县,65
怀柔,密云北,22
顺义,怀柔,23
通州西,顺义,27
北京,通州西,18
密云北,通州西,72
桥头,本溪,13
草河口,桥头,51
刘家河,草河口,28
凤凰城,刘家河,41
赵城,洪洞,15
霍州,赵城,27
太原东,太原,3
忻州,太原东,85
原平,忻州,36
宁武,原平,65
朔州,宁武,37
岱岳,朔州,44
怀仁,岱岳,43
大同,怀仁,42
卓资东,集宁南,54
呼和浩特东,卓资东,96
萨拉齐,呼和浩特东,113
秦皇岛,北京,299
山海关,秦皇岛,16
锦州,山海关,184
盘锦,锦州,95
西柳,盘锦,63
海城,西柳,14
盘锦,海城,77
沟帮子,盘锦,31
绥中,锦州,119
昌黎,秦皇岛,50
滦县,昌黎,41
唐山北,滦县,57
玉田县,唐山北,34
燕郊,玉田县,81
北京,燕郊,36
天津,北京,137
沈阳北,大虎山,127
抚顺北,沈阳北,44
清原,抚顺北,99
梅河口,清原,82
辽源,梅河口,73
绥中,葫芦岛,69
抚宁,山海关,48
唐山,抚宁,125
塘沽,唐山,83
天津,塘沽,40
廊坊北,天津,63
北京,宣化,171
芦台,塘沽,41
唐山,芦台,42
北戴河,昌黎,28
秦皇岛,北戴河,22
天津,芦台,81
张家口南,北京,196
大同,张家口南,178
怀柔北,昌平北,50
滦平,怀柔北,116
隆化,滦平,69
四合永,隆化,62
赤峰,四合永,150
扎赉诺尔西,满洲里,23
海拉尔,扎赉诺尔西,163
牙克石,海拉尔,82
龙江,牙克石,344
富拉尔基,龙江,39
大庆东,富拉尔基,136
安达,大庆东,21
哈尔滨,安达,127
双城堡,哈尔滨,51
扶余,双城堡,66
德惠,扶余,63
长春,德惠,112
熊岳城,大石桥,61
惠农,乌海西,22
石嘴山,惠农,47
银川,石嘴山,55
青铜峡,银川,66
中宁,青铜峡,60
中卫,中宁,36
景泰,中卫,132
白银西,景泰,87
兰州,白银西,87
兰州西,兰州,10
察素齐,包头东,98
萨拉齐,呼和浩特,105
临河,包头,218
陶赖昭,德惠,42
扶余,陶赖昭,21
哈尔滨西,扶余,93
哈尔滨,哈尔滨西,9
牡丹江,哈尔滨,369
穆棱,牡丹江,66
绥阳,穆棱,50
绥芬河,绥阳,21
横道河子,海林,117
哈尔滨,尚志,86
沈阳,四平,188
牡丹江,宁安,32
柴河,牡丹江,24
朱家沟,柴河,21
林口,朱家沟,65
西麻山,林口,30
鸡西,西麻山,54
鸡东,鸡西,16
黑台,鸡东,44
密山,黑台,27
克山,北安,56
依安,克山,46
富海,依安,33
富裕,富海,33
塔哈,富裕,33
齐齐哈尔,塔哈,30
三间房,齐齐哈尔,30
汤池,三间房,13
江桥,汤池,25
平洋,江桥,22
泰来,平洋,26
大兴,江桥,13
汤池,大兴,12
嵯岗,海拉尔,125
扎赉诺尔西,嵯岗,38
灯塔,辽阳,22
苏家屯,灯塔,26
水洞,通化,16
菇园,水洞,14
道清,菇园,8
老营,道清,6
白山市,老营,16
安平,辽阳,36
寒岭,安平,12
本溪,寒岭,25
布海,长春,61
德惠,布海,20
达家沟,德惠,16
姚家,达家沟,16
陶赖昭,姚家,10
榆树,陶赖昭,56
刘家店,榆树,21
五棵树,刘家店,12
陶赖昭,五棵树,23
沃皮,布海,18
米沙子,沃皮,161
通辽,阜新南,256
甘旗卡,通辽,76
彰武,甘旗卡,67
新立屯,彰武,52
石桥子,本溪,25
姚千户屯,石桥子,13
陈相屯,姚千户屯,11
吴家屯,陈相屯,10
苏家屯,吴家屯,10
神头,岱岳,31
朔州,神头,13
平遥,太谷,45
临汾,介休,135
运城,侯马,78
永济,运城,56
风陵渡,永济,37
轩岗,原平,37
宁武,轩岗,28
闻喜,运城,43
侯马,闻喜,35
襄汾,侯马,34
临汾,襄汾,26
东镇,闻喜,12
侯马,东镇,23
张兰,平遥,11
介休,张兰,20
阳曲,忻州,59
太原东,阳曲,26
汾河,太原东,9
古东,汾河,37
古交,古东,7
镇城底,古交,10
娄烦,镇城底,24
岚县,娄烦,32
白文东,岚县,53
蔡家崖,白文东,49
平旺,大同,10
怀仁,平旺,32
朔州,怀仁,87
怀仁,神头,74
豆罗,忻州,15
平社,豆罗,13
高村,平社,16
阳曲,高村,15
清徐,太原南,53
交城,清徐,11
文水,交城,14
汾阳,文水,17
吕梁,汾阳,82
柳林南,吕梁,21
汝州,洛阳,92
南阳,汝州,164
南召,南阳,58
鲁山,南召,44
汝州,鲁山,62
洛阳东,洛阳,5
汝州,洛阳东,87
宝丰,汝州,42
鲁山,宝丰,20
南阳,邓州,56
临邑,陵城,24
商河,临邑,27
阳信,商河,49
滨州,阳信,40
利津南,滨州,15
东营,利津南,31
博兴,东营,47
淄博,博兴,44
济南,淄博,110
枣庄东,枣庄西,31
兰陵北,枣庄东,49
临沂,兰陵北,55
日照,临沂,134
巨野,菏泽,58
嘉祥,巨野,25
济宁,嘉祥,24
泗水,兖州,54
临沂,泗水,128
胶州,临沂,229
莱阳,胶州,99
桃村,莱阳,51
烟台,桃村,54
徐家店,桃村,19
莱阳,徐家店,32
莱西,莱阳,23
蓝村,莱西,55
胶州,蓝村,21
诸城,胶州,64
莒县,诸城,75
沂水,莒县,10
沂南,沂水,20
临沂,沂南,60
曲阜,平邑,64
菏泽,嘉祥,83
蓝村,青岛,52
兖州,临沂,182
文登,威海,35
乳山,文登,52
桃村,乳山,51
曲阜,临沂,151
临沂,平邑,87
莒县,临沂,90
五莲,莒县,40
诸城,五莲,35
莱阳,蓝村,78
莱阳,烟台,105
扶绥,南宁,55
渠旧,扶绥,39
濑湍,渠旧,12
崇左,濑湍,16
亭亮,崇左,37
宁明,亭亮,18
凭祥,宁明,43
崇左,扶绥,67
宁明,崇左,55
宜州,金城江,70
柳州,宜州,91
来宾,柳州,70
贵港,来宾,119
兴业,贵港,56
玉林,兴业,33
文地,玉林,79
河唇,文地,35
廉江,河唇,9
遂溪,廉江,25
湛江,遂溪,27
廉江,湛江,52
文地,廉江,44
石河子,乌鲁木齐,135
沙湾县,石河子,38
奎屯,沙湾县,59
博乐,奎屯,206
阿拉山口,博乐,28
英吉沙,喀什,66
莎车,英吉沙,121
昆玉,莎车,239
墨玉,昆玉,42
和田,墨玉,17
皮山,昆玉,99
泽普,皮山,117
莎车,泽普,23
喀什,莎车,187
阿克陶,喀什,38
英吉沙,阿克陶,28
霍城,伊宁,39
霍尔果斯,霍城,34
黄州,麻城,67
浠水,黄州,29
蕲春,浠水,30
武穴,蕲春,39
九江,武穴,58
寿阳,榆次,54
阳泉,寿阳,38
岩会,阳泉,20
娘子关,岩会,19
南峪,娘子关,7
井南,南峪,9
井陉,井南,14
石家庄北,井陉,37
玉舍,六盘水,23
白鸡坡,玉舍,9
都格,白鸡坡,9
发耳,都格,9
营街,发耳,9
茅草坪,营街,12
三家寨,茅草坪,19
雨格,三家寨,10
松河,雨格,8
柏果,松河,15
月亮田,柏果,10
盘关,月亮田,4
平田,盘关,7
花家庄,平田,6
沙沱,花家庄,9
红果,沙沱,7
平关,红果,18
富源,平关,11
羊尾哨,富源,9
车转湾,羊尾哨,10
白水镇,车转湾,16
平河口,白水镇,8
白沙坡,平河口,7
曲靖,白沙坡,25
马龙,曲靖,19
吴官田,马龙,10
照福铺,吴官田,19
小新街,照福铺,33
杨林,小新街,18
小哨,杨林,17
昆明,小哨,41
秦岭,宝鸡,45
凤州,秦岭,46
凤县,凤州,17
宏庆,凤县,12
两当,宏庆,15
徽县,两当,16
白水江,徽县,23
略阳,白水江,41
阳平关,略阳,56
燕子砭,阳平关,12
朝天南,燕子砭,40
广元,朝天南,27
宣汉,达州,48
毛坝,宣汉,12
万源,毛坝,65
高滩,万源,69
紫阳,高滩,25
大竹园,紫阳,21
安康,大竹园,36
姚渡,广元,54
陇南,姚渡,85
哈达铺,陇南,129
岷县,哈达铺,25
漳县,岷县,38
渭源,漳县,44
兰州,渭源,134
千河,宝鸡,27
千阳,千河,36
陇县,千阳,37
安口窑,陇县,54
平凉,安口窑,49
迤资,攀枝花,10
拉鲊,迤资,12
花棚子,拉鲊,13
新江,花棚子,14
师庄,新江,8
大湾子,师庄,11
红江,大湾子,13
黄瓜园,红江,10
元谋,黄瓜园,11
尹地,元谋,13
小月旧,尹地,6
羊臼河,小月旧,10
小村,羊臼河,10
阿南庄,小村,11
龙骨甸,阿南庄,11
黑井,龙骨甸,8
甸心,黑井,5
龙塘坝,甸心,9
广通北,龙塘坝,13
禄丰南,广通北,54
昆明,禄丰南,99
孟家岗,佳木斯,54
桦南,孟家岗,22
拉林,五常,42
牛家,拉林,18
周家,牛家,14
平房,周家,16
孙家,平房,13
香坊,孙家,5
哈尔滨,香坊,7
背荫河,拉林,11
安家,背荫河,15
五常,安家,16
哈尔滨东,孙家,17
徐家,哈尔滨东,31
呼兰,徐家,10
沈家,呼兰,15
康金井,沈家,12
石人城,康金井,13
白奎堡,石人城,13
兴隆镇,白奎堡,12
万发屯,兴隆镇,11
绥化,万发屯,17
兴隆镇,绥化,28
康金井,白奎堡,26
阿城,哈尔滨东,46
尚志,小岭,62
富拉尔基,齐齐哈尔,42
昂昂溪,富拉尔基,14
三间房,昂昂溪,14
齐齐哈尔,昂昂溪,28
榆树屯,三间房,8
齐齐哈尔,榆树屯,22
陶家屯,公主岭,21
范家屯,陶家屯,10
大屯,范家屯,11
长春,大屯,20
米沙子,长春,33
张辛,通州西,13
顺义,张辛,14
庙城,顺义,19
怀柔,庙城,4
统军庄,怀柔,10
密云北,统军庄,12
六道河子,密云北,45
前苇塘,六道河子,9
兴隆县,前苇塘,11
北马圈子,兴隆县,14
鹰手营子,北马圈子,7
洞庙河,鹰手营子,4
下台子,洞庙河,6
南湾子,下台子,23
新杖子,南湾子,8
西大庙,新杖子,10
上板城南,西大庙,7
上板城,上板城南,3
承德东,上板城,9
承德,承德东,10
高各庄,庙城,4
顺义,高各庄,15
下台子,鹰手营子,10
潘家店,南湾子,8
下台子,潘家店,15
大灰厂,北京西,29
上万,大灰厂,9
南观村,上万,9
燕山,南观村,3
良各庄,燕山,4
孤山口,良各庄,13
云居寺,孤山口,6
三合庄,云居寺,8
十渡,三合庄,11
平峪,十渡,5
野三坡,平峪,9
百里峡,野三坡,9
福山口,百里峡,6
白涧,福山口,7
板城,白涧,5
南城司,板城,8
奇峰塔,南城司,8
紫荆关,奇峰塔,8
大盘石,紫荆关,8
塔崖驿,大盘石,8
王安镇,塔崖驿,6
浮图峪,王安镇,12
北屯,浮图峪,6
涞源,北屯,7
小西庄,涞源,10
艾河,小西庄,9
招柏,艾河,12
云彩岭,招柏,7
大涧,云彩岭,8
友好,伊春,18
红山,友好,25
五营,红山,32
红星,五营,20
新青,红星,13
汤旺河,新青,23
乌伊岭,汤旺河,22
三原,咸阳,46
阎良,三原,26
张桥,阎良,20
钟家村,张桥,11
蒲城,钟家村,19
孙镇,蒲城,20
黄陵,孙镇,108
甘泉北,黄陵,80
延安,甘泉北,40
子长,延安,84
清涧县,子长,24
绥德,清涧县,59
米脂,绥德,25
榆林,米脂,77
黄陵,延安,120
南仇,淄博,31
黑旺,南仇,16
源迁,黑旺,30
南博山,源迁,10
常庄,南博山,7
莱芜东,常庄,34
蔺家楼,莱芜东,13
司家岭,蔺家楼,9
范镇,司家岭,7
燕家庄,范镇,11
上高镇,燕家庄,9
泰山,上高镇,7
猛洞河,张家界,74
吉首,猛洞河,51
麻阳,吉首,59
怀化,麻阳,44
慈利,张家界,76
石门县北,慈利,42
澧县,石门县北,35
会同,怀化,90
靖州,会同,39
通道,靖州,31
塘豹,通道,14
娄底,益阳,112
涟源,娄底,42
冷水江东,涟源,30
新化,冷水江东,21
安化,新化,47
低庄,安化,67
溆浦,低庄,4
辰溪,溆浦,66
怀化,辰溪,54
怀化,新晃,87
通安驿,陇西,40
定西,通安驿,44
李家坪,定西,37
甘草店,李家坪,23
许家台,甘草店,15
夏官营,许家台,6
兰州东,夏官营,32
兰州,兰州东,5
夏官营,兰州,37
清水县,张家川,33
天水,清水县,35
南河川,天水,18
三阳川,南河川,8
渭南镇,三阳川,8
新阳镇,渭南镇,11
甘谷,新阳镇,22
磐安镇,甘谷,19
洛门,磐安镇,10
武山,洛门,11
贺家店,武山,9
鸳鸯镇,贺家店,10
陇西,鸳鸯镇,20
陈官营,兰州西,8
西固城,陈官营,7
坡底下,西固城,10
河口南,坡底下,7
龙泉寺,河口南,40
永登,龙泉寺,29
天祝,永登,34
打柴沟,天祝,21
龙沟,打柴沟,58
古浪,龙沟,20
黄羊镇,古浪,25
武威南,黄羊镇,21
武威,武威南,13
金昌,武威,74
玉石,金昌,28
芨岭,玉石,18
山丹,芨岭,71
张掖,山丹,53
平原堡,张掖,19
临泽,平原堡,18
高台,临泽,35
许三湾,高台,33
清水,许三湾,32
酒泉,清水,64
嘉峪关,酒泉,22
营盘水,干塘,21
长城,营盘水,28
景泰,长城,11
兴泉堡,景泰,11
红岘台,兴泉堡,42
红砂岘,红岘台,26
白银西,红砂岘,8
朱家窑,白银西,14
丰水村,朱家窑,8
皋兰,丰水村,15
邵家堂,皋兰,19
水源,邵家堂,8
兰州东,水源,18
水源,兰州,23
泾川,长庆桥,38
平凉南,泾川,54
平凉,平凉南,14
新李,平凉,12
三关口,新李,26
六盘山,三关口,15
彭阳,六盘山,13
固原,彭阳,25
沈家河,固原,9
二营,沈家河,11
三营,二营,16
褚家湾,三营,12
七营,褚家湾,12
韩府湾,七营,12
李旺,韩府湾,11
土桥子,李旺,12
王团庄,土桥子,12
同心,王团庄,12
石坝,同心,11
艾家村,石坝,12
长农,艾家村,12
中宁南,长农,13
大战场,中宁南,12
宣和,大战场,12
中卫,宣和,26
大坝,青铜峡,11
黄羊滩,大坝,28
银川,黄羊滩,27
白银市,白银西,7
吴家川,白银市,39
靖远西,吴家川,17
靖远,靖远西,3
东湾,靖远,14
长征,东湾,14
沙坡头,中卫,18
干塘,沙坡头,54
谭家井,干塘,89
黑冲滩,谭家井,24
土门子,黑冲滩,24
园墩,土门子,12
上腰墩,园墩,13
武威南,上腰墩,10
桥西,绿化,14
狼尾山,桥西,35
镜铁山,狼尾山,20
绿化,嘉峪关,5
镜铁山,绿化,69
低窝铺,嘉峪关,110
玉门,低窝铺,22
疏勒河,玉门,23
瓜州,疏勒河,106
敦煌,瓜州,102
哈密,柳园,321
天镇,柴沟堡,48
阳高,天镇,29
商城,固始,22
潢川,商城,41
息县,潢川,31
罗山,息县,27
信阳,罗山,46
潢川,淮滨,55
光山,潢川,17
新县,光山,43
麻城,新县,60
永乐店,咸阳,36
三原,永乐店,10
阳平关,汉中,117
礼泉,咸阳,35
乾县,礼泉,16
永寿,乾县,37
彬州,永寿,43
长武,彬州,44
孝南,介休,17
孝西,孝南,6
白壁关,孝西,5
兑镇,白壁关,13
阳泉曲,兑镇,5
平型关,灵丘,31
东淤地,平型关,10
东庄,东淤地,8
大营,东庄,9
五台山,大营,16
繁峙,五台山,28
下社,繁峙,9
代县,下社,22
阳明堡,代县,12
原平,阳明堡,36
枣林,代县,12
下社,枣林,10
神池,宁武,20
五寨,神池,38
安塘,五寨,19
秦家庄,安塘,6
岢岚,秦家庄,12
定襄,忻州,22
河边,定襄,18
吉林,长春,111
敦化,吉林,156
延吉西,敦化,113
安图西,延吉西,50
敦化,安图西,63
龙嘉,吉林,79
长春,龙嘉,32
蛟河西,吉林,65
敦化,蛟河西,91
图们北,延吉西,10
珲春,图们北,81
长春,长春西,12
大石头南,敦化,20
延吉西,大石头南,93
九台南,吉林,69
龙嘉,九台南,10
双吉,龙嘉,62
吉林,双吉,17
延吉西,珲春,91
蛟河西,安图西,154
延吉西,蛟河西,204
安图西,大石头南,43
吉林,大石头南,176
新民北,彰武,54
沈阳,新民北,59
沈阳,沈阳南,15
沈阳,通辽,256
彰武,沈阳,113
新民北,沈阳北,60
五龙背东,丹东,18
凤城东,五龙背东,27
通远堡西,凤城东,40
本溪,通远堡西,62
本溪新城,本溪,27
沈阳南,本溪新城,34
九台南,长春,42
开安,长春,35
农安,开安,31
松原,农安,84
查干湖,松原,32
大安,查干湖,31
安广,大安,42
白城,安广,78
白城,乌兰浩特,87
大安,白城,120
松原,大安,63
长春,农安,66
长山屯,松原,39
大安,长山屯,24
两家,大安,28
到保,两家,64
白城,到保,28
平台,白城,25
葛根庙,平台,33
哈拉海,农安,28
松原,哈拉海,56
到保,大安,92
白城,葛根庙,58
两家,安广,14
镇西,乌兰浩特,38
平台,镇西,24
松原,长春,150
华家,长春,50
王府,华家,68
松原,王府,32
华家,农安,16
开安,华家,15
农安,王府,52
安广,到保,50
北京南,天津,120
武清,北京南,84
天津,武清,36
军粮城北,天津,20
滨海,军粮城北,25
塘沽,滨海,5
滨海,天津,45
军粮城北,塘沽,20
天津西,北京南,117
武清,天津西,33
新郑机场,郑州东,28
绿博园,郑州东,17
宋城路,绿博园,33
郑州,新郑机场,37
郑州,郑州东,14
焦作,郑州,78
修武西,焦作,20
武陟,修武西,14
黄河景区,武陟,21
南阳寨,黄河景区,15
郑州,南阳寨,8
武陟,郑州,44
焦作,武陟,34
南阳寨,武陟,36
南阳寨,焦作,70
焦作,黄河景区,55
黄河景区,修武西,35
郑州,黄河景区,23
修武西,南阳寨,50
郑州,修武西,58
南湖东,武昌,15
汤逊湖,南湖东,4
庙山,汤逊湖,3
普安,庙山,4
纸坊东,普安,4
乌龙泉南,纸坊东,11
土地堂东,乌龙泉南,5
山坡东,土地堂东,14
贺胜桥东,山坡东,7
横沟桥东,贺胜桥东,10
咸宁东,横沟桥东,9
咸宁南,咸宁东,5
山坡东,咸宁南,31
纸坊东,山坡东,30
庙山,纸坊东,8
武昌,庙山,22
咸宁南,贺胜桥东,24
汤逊湖,武昌,19
横沟桥东,咸宁南,14
纸坊东,横沟桥东,47
咸宁南,纸坊东,61
庙山,南湖东,7
横沟桥东,山坡东,17
汉口,武昌,20
庙山,土地堂东,24
土地堂东,纸坊东,16
咸宁东,贺胜桥东,19
土地堂东,贺胜桥东,21
孝感东,汉口,61
天河机场,孝感东,40
汉口,天河机场,21
毛陈,孝感东,9
天河机场,毛陈,31
闵集,天河机场,15
毛陈,闵集,16
闵集,孝感东,25
金银潭,天河机场,15
汉口,金银潭,6
天河街,天河机场,8
毛陈,天河街,23
槐荫,毛陈,5
孝感东,槐荫,4
天河机场,槐荫,36
后湖,汉口,3
天河机场,后湖,18
天河街,孝感东,32
鄂州,武汉,56
大冶北,鄂州,39
黄石北,大冶北,10
鄂州,黄石北,29
黄冈,武汉,60
黄冈东,黄冈,5
黄冈西,黄冈,6
武汉,黄冈西,54
黄冈西,黄冈东,11
葛店南,黄冈西,25
武汉,葛店南,29
花山南,武汉,14
左岭,花山南,10
葛店南,左岭,5
葛店南,黄冈,31
华容东,葛店南,13
黄冈西,华容东,12
武汉,华容东,42
华容东,左岭,18
武汉,左岭,24
花山南,葛店南,15
黄冈东,葛店南,36
武汉,黄冈东,65
资阳北,成都东,83
资中北,资阳北,41
内江北,资中北,29
隆昌北,内江北,26
重庆西,隆昌北,123
璧山,重庆西,27
大足南,璧山,52
荣昌北,大足南,10
隆昌北,荣昌北,34
成都东,隆昌北,179
重庆北,成都东,319
隆昌北,重庆北,140
资中北,隆昌北,55
犀浦,成都,15
郫县西,犀浦,12
彭州,郫县西,21
彭州南,彭州,5
郫县西,彭州南,16
彭州南,犀浦,28
郫县,彭州南,9
红光镇,郫县,16
犀浦,红光镇,3
步行街,犀浦,30
彭州,步行街,3
红光镇,郫县西,9
犀浦,安靖,7
彭州南,步行街,2
步行街,郫县西,18
犀浦,彭州,33
彭州南,红光镇,25
离堆公园,成都,59
迎宾路,离堆公园,2
红光镇,迎宾路,39
迎宾路,犀浦,42
安德,迎宾路,21
犀浦,安德,21
青城山,犀浦,50
安德,都江堰,21
都江堰,犀浦,42
郫县,青城山,41
犀浦,郫县,9
青城山,都江堰,8
郫县西,都江堰,30
安德,红光镇,18
郫县,都江堰,33
安德,青城山,60
郫县西,青城山,38
郫县西,安德,9
郫县,郫县西,3
都江堰,红光镇,39
红光镇,青城山,47
德阳,成都东,66
江油,德阳,86
广汉北,德阳,20
青白江东,广汉北,14
成都东,青白江东,32
德阳,青白江东,34
新都东,成都东,21
广汉北,新都东,25
青白江东,新都东,11
绵阳,德阳,47
江油,成都东,152
绵阳,成都东,113
绵阳,青白江东,81
江油,绵阳,39
广元,江油,126
罗江东,成都东,87
绵阳,罗江东,26
乐山,成都东,135
峨眉山,乐山,27
彭山北,眉山东,16
双流西,彭山北,40
成都南,双流西,18
新津南,成都东,50
眉山东,新津南,32
成都南,成都东,8
乐山,眉山东,53
峨眉,乐山,22
峨眉山,峨眉,5
青神,乐山,28
眉山东,青神,25
新津南,彭山北,16
新津,新津南,14
双流机场,新津,15
成都东,双流机场,21
双流机场,眉山东,61
成都南,双流机场,13
双流西,双流机场,8
新津,双流西,7
新津南,双流西,24
新津,眉山东,46
彭山北,新津,30
青神,峨眉山,55
双流机场,彭山北,45
眉山东,峨眉山,80
成都东,彭山北,66
眉山东,双流西,114
成都南,眉山东,74
德阳,罗江东,21
绵阳,新都东,92
广元,苍溪,82
剑门关,广元,38
青川,剑门关,18
绵阳,青川,109
新津,成都东,36
乐山,新津,99
青莲,江油,14
绵阳,青莲,25
双流机场,新津南,29
青神,峨眉,50
双流西,青神,81
广汉北,绵阳,67
成都东,广汉北,46
彭山北,青神,41
新都东,德阳,45
剑门关,江油,88
乐山,双流机场,141
犍为,乐山,16
宜宾西,犍为,98
彭山北,宜宾西,210
乐山,彭山北,96
屏山,乐山,85
宜宾西,屏山,29
宜宾西,乐山,141
贵阳北,贵阳,10
贵阳东,贵阳北,11
洛湾三江,贵阳东,9
百宜,洛湾三江,19
南江,百宜,9
开阳,南江,17
百宜,贵阳北,39
洛湾三江,贵阳北,20
南江,洛湾三江,28
梁平南,万州北,65
垫江,梁平南,53
长寿北,垫江,61
重庆北,长寿北,66
垫江,重庆北,127
复盛,垫江,101
重庆北,复盛,26
长寿湖,重庆北,83
垫江,长寿湖,44
万州北,重庆北,245
垫江,万州北,118
复盛,长寿湖,57
梁平南,长寿湖,97
长寿湖,长寿北,17
长寿北,梁平南,114
重庆北,梁平南,180
青岛北,青岛,15
莱阳,青岛北,101
烟台南,莱阳,86
威海北,烟台南,60
荣成,威海北,54
威海,烟台南,73
荣成,威海,41
威海北,威海,13
牟平,威海北,37
烟台南,牟平,23
桃村北,烟台南,36
海阳北,桃村北,23
莱阳,海阳北,27
即墨北,莱阳,70
青岛北,即墨北,31
桃村北,莱阳,50
烟台,桃村北,48
文登东,荣成,17
威海,文登东,24
烟台南,海阳北,59
牟平,威海,50
羊马,成都西,26
崇州,羊马,7
大邑,崇州,16
邛崃,大邑,18
蒲江,雅安,48
邛崃,蒲江,25
成都西,崇州,33
邛崃,崇州,34
名山,大邑,78
雅安,名山,13
大邑,成都西,49
成都西,雅安,140
温江,成都西,20
崇州,温江,13
西来,崇州,46
朝阳湖,西来,19
雅安,朝阳湖,42
西来,蒲江,13
邛崃,西来,12
成都西,邛崃,67
名山,邛崃,60
大邑,朝阳湖,49
蒲江,大邑,43
蒲江,名山,35
成都西,蒲江,92
邛崃,雅安,73
大邑,羊马,23
西来,雅安,61
雅安,崇州,107
邛崃,朝阳湖,31
崇州,蒲江,59
朝阳湖,蒲江,6
崇州,名山,94
宜宾西,双流机场,255
成都东,眉山东,82
宜宾西,成都东,276
成都南,宜宾西,268
泥溪,眉山东,146
屏山,泥溪,19
新津,成都南,28
宜宾西,眉山东,133
彭山北,成都南,107
泥溪,犍为,50
宜宾西,泥溪,48
乐山,泥溪,93
深圳坪山,惠州南,20
深圳北,深圳坪山,36
惠州南,深圳北,56
鼎湖东,肇庆,27
大旺,鼎湖东,19
云东海,大旺,6
佛山西,云东海,29
狮山,佛山西,8
三水北,狮山,10
大旺,三水北,17
端州,肇庆,7
鼎湖山,端州,11
鼎湖东,鼎湖山,9
四会,鼎湖东,12
大旺,四会,7
三水北,云东海,11
佛山西,三水北,18
狮山北,狮山,4
三水北,狮山北,6
鼎湖东,云东海,25
端州,鼎湖东,20
云东海,狮山,21
大旺,佛山西,35
佛山西,狮山北,12
大旺,狮山北,23
佛山西,广州,30
肇庆,佛山西,81
肇庆,鼎湖山,18
树木岭,长沙,5
香樟路,树木岭,2
湘府路,香樟路,3
先锋,湘府路,6
芙蓉南,先锋,4
板塘,芙蓉南,24
湘潭,板塘,5
先锋,香樟路,9
荷塘,先锋,23
板塘,荷塘,5
先锋,板塘,28
洞井,先锋,4
香樟路,洞井,5
先锋,树木岭,11
暮云,先锋,9
荷塘,暮云,14
暮云,板塘,19
芙蓉南,暮云,5
长沙,湘府路,10
洞井,湘府路,2
昭山,先锋,17
荷塘,昭山,6
长沙,先锋,16
芙蓉南,香樟路,13
暮云,昭山,8
香樟路,暮云,18
长沙,香樟路,7
芙蓉南,洞井,8
芙蓉南,荷塘,19
树木岭,湘府路,5
昭山,板塘,11
洞井,树木岭,7
昭山,芙蓉南,13
芙蓉南,树木岭,15
芙蓉南,湘府路,10
开福寺,长沙,6
观沙岭,开福寺,3
八方山,观沙岭,1
谷山,八方山,3
尖山,谷山,2
麓谷,尖山,3
长沙西,麓谷,4
尖山,长沙西,7
观沙岭,尖山,6
洞井,板塘,32
八方山,开福寺,4
长沙,洞井,12
暮云,洞井,13
洞井,昭山,21
东莞,广州东,63
常平,东莞,19
樟木头,常平,13
平湖,樟木头,24
深圳,平湖,20
樟木头,深圳,44
广州,广州东,8
江门东,新会,7
古镇,江门东,11
小榄,古镇,9
顺德,小榄,30
广州南,顺德,15
容桂,顺德,17
小榄,容桂,13
顺德学院,顺德,8
小榄,顺德学院,22
广州南,容桂,32
南头,容桂,5
小榄,南头,8
广州南,小榄,45
顺德学院,广州南,23
南头,顺德学院,14
新会,古镇,18
小榄,江门东,20
北滘,广州南,11
容桂,北滘,21
北滘,南头,26
广州南,南头,37
小榄,新会,27
鲘门,汕尾,33
惠州南,鲘门,67
汕尾,惠州南,100
西平西,道滘,10
东城南,西平西,3
寮步,东城南,9
松山湖北,寮步,6
大朗镇,松山湖北,6
常平南,大朗镇,6
常平东,常平南,4
樟木头东,常平东,7
银瓶,樟木头东,5
沥林北,银瓶,8
仲恺,沥林北,12
惠环,仲恺,5
龙丰,惠环,5
西湖东,龙丰,3
云山,西湖东,3
小金口,云山,5
明珠,小榄,64
珠海,明珠,7
中山北,珠海,52
小榄,中山北,19
前山,珠海,3
南朗,前山,30
中山北,南朗,19
唐家湾,珠海,19
小榄,唐家湾,52
中山,小榄,25
珠海,中山,46
珠海,南朗,33
唐家湾,中山,27
唐家湾,中山北,33
明珠,唐家湾,12
中山北,明珠,45
北滘,顺德,4
珠海北,中山北,29
珠海,珠海北,23
南朗,明珠,26
小榄,南朗,38
顺德,南头,22
小榄,北滘,34
东升,中山北,12
小榄,东升,7
中山北,前山,49
珠海北,小榄,48
明珠,珠海北,16
中山,顺德学院,47
珠海北,中山,23
中山北,中山,6
中山,明珠,39
顺德,中山,55
明珠,前山,4
前山,中山,43
小榄,珠海,71
顺德学院,容桂,9
珠海北,南朗,10
唐家湾,广州南,97
中山北,容桂,32
碧江,容桂,27
广州南,碧江,5
珠海北,东升,41
珠海北,唐家湾,14
唐家湾,南朗,14
小榄,前山,68
小榄,碧江,40
中山,容桂,38
顺德学院,北滘,12
前山,珠海北,20
容桂,南朗,51
田心东,先锋,26
大丰,田心东,3
株洲南,大丰,13
芙蓉南,田心东,22
暮云,田心东,17
九郎山,先锋,20
田心东,九郎山,6
九郎山,暮云,11
田心东,湘府路,32
田心东,树木岭,37
田心东,洞井,30
九郎山,树木岭,31
八方山,尖山,5
长沙,大丰,45
长沙西,谷山,9
宁强南,汉中,76
昆明南,昆明,28
玉溪,昆明南,79
建水,玉溪,96
蒙自,建水,72
昆明南,建水,175
通海,昆明南,111
建水,通海,64
中川机场,兰州西,60
中川机场,兰州,15
兰州新区,兰州西,56
中川机场,兰州新区,4
西固,兰州新区,42
兰州西,西固,14
唐山北,北京,151
北戴河,唐山北,126
沈阳,北戴河,426
盘锦北,沈阳,154
葫芦岛北,盘锦北,112
绥中北,葫芦岛北,59
北戴河,绥中北,101
北京,北戴河,277
滦县,北京,208
秦皇岛,滦县,91
东戴河,山海关,9
锦州南,东戴河,156
沈阳北,锦州南,223
开原西,沈阳北,101
昌图西,开原西,28
长春西,昌图西,169
德惠西,长春西,84
哈尔滨西,德惠西,156
扶余北,哈尔滨西,98
德惠西,扶余北,58
铁岭西,长春西,244
沈阳北,铁岭西,54
唐山北,东戴河,173
葫芦岛北,北戴河,160
锦州南,葫芦岛北,43
沈阳,锦州南,223
扶余北,长春,142
哈尔滨北,哈尔滨,13
肇东,哈尔滨北,50
大庆西,肇东,108
齐齐哈尔南,大庆西,109
哈尔滨,肇东,62
长春,德惠西,84
双城北,德惠西,116
哈尔滨西,双城北,40
哈尔滨西,长春西,240
海林北,哈尔滨西,286
牡丹江,海林北,21
山海关,绥中北,63
北戴河,山海关,38
横道河子东,牡丹江,51
哈尔滨西,横道河子东,256
宾州,哈尔滨西,74
胜利镇,宾州,42
方正,胜利镇,65
依兰,方正,82
佳木斯,依兰,87
长春,双吉,94
双城北,扶余北,58
安达,哈尔滨西,134
大庆西,安达,43
杜尔伯特,大庆西,42
齐齐哈尔南,杜尔伯特,67
秦皇岛,唐山北,148
锦州南,秦皇岛,181
佳木斯,哈尔滨,343
尚志南,哈尔滨,141
一面坡北,尚志南,17
亚布力西,一面坡北,46
海林北,亚布力西,75
亚布力西,横道河子东,45
台安,沈阳北,99
锦州南,台安,124
山海关,锦州南,165
石家庄东,石家庄,18
辛集南,石家庄东,55
衡水北,辛集南,43
景州,衡水北,44
德州东,景州,45
禹城东,德州东,43
齐河,禹城东,29
济南西,齐河,21
辛集南,石家庄,73
平原东,德州东,24
齐河,平原东,48
平原东,济南西,69
禹城东,济南西,50
平原东,禹城东,19
藁城南,辛集南,33
石家庄,藁城南,40
衡水北,藁城南,76
德州东,衡水北,89
济南,济南西,20
章丘,济南,49
淄博,章丘,61
潍坊,淄博,100
青岛北,潍坊,168
高密,青岛北,83
潍坊,高密,85
青州市,潍坊,57
淄博,青州市,43
藁城南,石家庄东,22
即墨北,潍坊,157
烟台南,即墨北,156
夏格庄,莱阳,42
高密,夏格庄,100
衡水北,石家庄东,98
莱阳,高密,142
高密,即墨北,72
石家庄,衡水北,116
夏格庄,即墨北,28
海阳北,夏格庄,69
潍坊,莱阳,227
大明湖,章丘,46
济南,大明湖,3
德州东,齐河,12
海阳北,烟台,71
胶州北,即墨北,25
潍坊,胶州北,132
阳泉北,太原南,129
石家庄,阳泉北,103
太原南,石家庄,232
临汾西,运城北,123
霍州东,临汾西,64
平遥古城,霍州东,76
太原南,平遥古城,93
昌乐,潍坊,24
淄博,昌乐,76
太谷西,太原南,47
临汾西,太谷西,186
侯马西,运城北,64
霍州东,侯马西,123
太谷西,平遥古城,46
晋中,太谷西,31
太原南,晋中,16
济南西,德州东,93
灵石东,平遥古城,39
洪洞西,灵石东,81
襄汾西,洪洞西,52
闻喜西,襄汾西,59
运城北,闻喜西,32
青岛西,青岛北,74
董家口,青岛西,35
日照西,董家口,44
岚山西,日照西,27
赣榆,岚山西,38
连云港,赣榆,35
响水县,连云港,80
滨海港,响水县,22
阜宁东,滨海港,31
射阳,阜宁东,15
盐城北,射阳,27
辽中,盘锦北,86
沈阳,辽中,68
鄠邑,西安北,45
佛坪,鄠邑,95
汉中,佛坪,102
广元,宁强南,62
南部,广元,127
武胜,南部,118
合川,武胜,52
重庆西,合川,61
遵义,重庆西,221
息烽,遵义,71
贵阳北,息烽,55
遵义,贵阳北,126
桐梓东,遵义,53
重庆西,桐梓东,168
鄠邑,汉中,197
洋县西,鄠邑,148
汉中,洋县西,49
广元,汉中,138
阆中,广元,106
南充北,阆中,82
重庆西,南充北,170
遵义南,贵阳北,99
重庆西,遵义南,248
武胜,重庆西,113
南充北,武胜,57
苍溪,南充北,106
西安北,汉中,242
内江北,成都东,153
永川东,内江北,92
重庆西,永川东,57
贵阳东,遵义南,89
贵定县,贵阳东,77
从江,贵定县,197
三江南,从江,52
桂林北,三江南,93
桂林,桂林北,8
鹿寨北,桂林,106
柳州,鹿寨北,50
南宁东,柳州,212
钦州东,南宁东,106
合浦,钦州东,68
北海,合浦,23
钦州东,北海,91
南宁,钦州东,117
南宁东,南宁,11
永福南,柳州,112
桂林北,永福南,52
都匀东,从江,158
龙里北,都匀东,74
贵阳东,龙里北,42
遵义,贵阳东,123
綦江东,遵义,160
重庆西,綦江东,61
内江北,重庆西,149
永川东,隆昌北,66
桐梓北,綦江东,70
息烽,桐梓北,154
贵阳东,息烽,52
都匀东,贵阳东,116
桂林北,都匀东,303
永福南,桂林,51
鹿寨北,永福南,55
来宾北,柳州,73
南宁东,来宾北,139
宾阳,南宁东,83
来宾北,宾阳,23
五通,桂林北,25
从江,五通,126
榕江,从江,51
都匀东,榕江,101
遵义,遵义南,27
桐梓北,遵义,83
资阳北,内江北,70
简阳南,成都东,53
资中北,简阳南,71
娄山关南,重庆西,191
遵义,娄山关南,30
桂林北,从江,145
鹿寨北,桂林北,114
桂林北,柳州,164
贵定县,都匀东,46
赶水东,桐梓东,76
重庆西,赶水东,92
大足南,重庆西,79
隆昌北,大足南,44
资阳北,隆昌北,96
珞璜南,重庆西,22
桐梓东,珞璜南,146
桂林北,榕江,202
三都县,三江南,184
龙里北,三都县,100
赶水东,綦江东,31
遵义,赶水东,129
都匀东,三都县,26
龙洞堡,都匀东,98
贵阳东,龙洞堡,18
遵义南,桐梓东,80
三江南,都匀东,210
柳州,桂林,156
修文县,贵阳东,26
遵义,修文县,97
桐梓北,重庆西,138
五通,贵阳东,394
北海,南宁东,219
山海关,葫芦岛北,122
重庆西,成都东,302
贵阳东,重庆西,344
桂林西,贵阳东,413
肇庆东,桂林西,368
广州南,肇庆东,83
佛山西,广州南,33
肇庆东,佛山西,43
贺州,肇庆东,185
钟山西,贺州,24
恭城,钟山西,60
阳朔,恭城,34
桂林西,阳朔,65
都匀东,桂林西,297
遂宁,重庆西,163
成都东,遂宁,146
潼南,成都东,198
重庆西,潼南,104
贵阳东,桐梓东,176
龙里北,龙洞堡,24
贺州,阳朔,111
怀集,贺州,97
三水南,怀集,120
佛山西,三水南,11
阳朔,钟山西,94
三都县,桂林西,271
桐梓东,娄山关南,23
成都东,璧山,275
合川,成都东,248
桂林西,五通,19
贺州,桂林西,183
广宁,怀集,46
肇庆东,广宁,42
贺州,广宁,136
三江南,桂林西,87
赶水东,息烽,200
綦江东,珞璜南,46
桐梓东,綦江东,100
息烽,遵义南,37
桂林西,榕江,189
恭城,桂林西,106
肇庆东,怀集,88
三水南,广州南,51
桂林西,钟山西,159
贵定县,三都县,72
龙洞堡,贵定县,60
桐梓东,修文县,150
成都东,资中北,124
大足南,资阳北,140
佛山西,桂林西,411
荣昌北,重庆西,89
内江北,荣昌北,60
娄山关南,珞璜南,169
贺州,佛山西,228
榕江,五通,177
龙里北,榕江,175
潼南,合川,50
重庆西,资阳北,219
贵阳东,桐梓北,206
珞璜南,遵义,199
简阳南,隆昌北,126
荣昌北,成都东,213
璧山,荣昌北,62
中山,广州南,63
怀集,佛山西,138
从江,桂林西,180
钟山西,怀集,114
珞璜南,赶水东,70
内江北,璧山,122
江油北,广元,89
江油,江油北,37
三江南,榕江,109
潼南,遂宁,52
广州,肇庆东,80
三水南,广州,48
贺州,三水南,210
桐梓东,息烽,124
修文县,重庆西,318
贺州,恭城,77
桂林西,龙洞堡,395
广宁,佛山西,92
遵义南,修文县,70
娄山关南,遵义南,57
贵阳东,娄山关南,153
五通,龙洞堡,376
三都县,龙洞堡,124
榕江,三都县,75
恭城,榕江,295
綦江东,贵阳东,296
怀集,阳朔,208
三都县,从江,132
肇庆东,三水南,25
从江,龙洞堡,256
广州南,贺州,261
从江,龙里北,232
钟山西,三水南,234
贵阳东,三都县,142
重庆西,重庆北,30
贵定县,龙里北,28
贵阳东,三江南,326
沈阳北,盘锦北,154
公主岭南,沈阳北,235
长春,公主岭南,75
洪洞西,太原南,213
临汾西,洪洞西,20
侯马西,临汾西,59
大荔,运城北,107
西安北,大荔,116
城固北,佛坪,74
汉中,城固北,8
绵阳,剑门关,127
青川,青莲,84
广元,青川,177
鄠邑,城固北,169
渭南北,西安北,63
运城北,洪洞西,143
永济北,运城北,53
大荔,永济北,54
洋县西,西安北,185
绵阳,广元,165
运城北,渭南北,160
太原南,霍州东,169
江油北,剑门关,51
江油北,绵阳,76
城固北,洋县西,21
罗江东,剑门关,153
广汉北,罗江东,41
朝天,广元,38
汉中,朝天,100
阿房宫,洋县西,171
西安北,阿房宫,22
江油,青川,70
新都东,江油,131
广元,西安北,380
成都东,广元,278
罗江东,青白江东,55
青川,罗江东,135
佛坪,西安北,140
洋县西,佛坪,53
青白江东,青川,190
鄠邑,阿房宫,23
江油北,德阳,123
青莲,德阳,72
剑门关,青莲,102
江油,罗江东,65
江油北,罗江东,102
青白江东,江油,120
江油北,成都东,189
青川,江油北,33
城固北,阿房宫,192
佛坪,阿房宫,118
南部,南充北,66
阆中,南部,16
苍溪,阆中,29
宁强南,朝天,24
大荔,渭南北,53
闻喜西,永济北,77
临汾西,闻喜西,91
灵石东,霍州东,37
祁县东,灵石东,71
太原南,祁县东,61
祁县东,太谷西,19
介休东,祁县东,45
侯马西,介休东,181
南充北,合川,109
介休东,洪洞西,105
洪洞西,平遥古城,120
侯马西,洪洞西,79
永济北,侯马西,117
平遥古城,侯马西,194
晋中,平遥古城,74
灵石东,太谷西,85
临汾西,灵石东,101
城固北,西安北,214
阆中,武胜,134
南部,重庆西,231
苍溪,南部,45
重庆北,武胜,108
合川,重庆北,56
重庆北,南充北,165
广元,南充北,188
锦州南,辽中,155
唐山北,锦州南,329
昌图西,长春,181
铁岭西,昌图西,75
绥中北,沈阳北,325
北京,绥中北,378
正定机场,石家庄,37
高碑店东,正定机场,161
北京西,高碑店东,83
保定东,北京西,139
定州东,保定东,62
石家庄,定州东,80
平遥古城,祁县东,27
临汾西,平遥古城,140
襄汾西,临汾西,32
霍州东,洪洞西,44
介休东,霍州东,58
平遥古城,介休东,18
保定东,正定机场,105
高碑店东,保定东,56
涿州东,北京西,104
保定东,涿州东,35
石家庄,保定东,142
广州南,南宁东,563
四平东,铁岭西,126
公主岭南,四平东,55
常山,衢州,33
开化,常山,21
德兴东,开化,42
婺源,德兴东,18
景德镇北,婺源,69
鄱阳,景德镇北,35
都昌,鄱阳,52
湖口,都昌,34
九江,湖口,30
庐山,九江,19
德安,庐山,36
南昌,德安,80
永修,南昌,46
德安,永修,34
九江,德安,55
广州南,贵阳北,867
白沙铺,大冶北,20
阳新,白沙铺,16
瑞昌西,阳新,52
九江,瑞昌西,46
都昌,九江,58
黄山北,婺源,76
千岛湖,黄山北,119
绩溪北,千岛湖,78
歙县北,绩溪北,23
黄山北,歙县北,18
鄱阳,婺源,104
大冶北,阳新,37
武汉,黄石北,85
红安西,汉口,72
麻城北,红安西,39
金寨,麻城北,109
六安,金寨,52
合肥南,六安,87
南京南,合肥南,157
溧阳,南京南,98
宜兴,溧阳,31
湖州,宜兴,56
杭州,湖州,71
德清,杭州,38
湖州,德清,36
长兴,湖州,20
宜兴,长兴,36
南京南,宜兴,129
全椒,南京南,56
合肥南,全椒,101
麻城北,六安,161
荆州,汉口,204
宜昌东,荆州,88
潜江,荆州,70
天门南,潜江,51
汉口,天门南,83
金寨,汉口,220
溧水,南京南,46
宜兴,溧水,83
杭州东,湖州,287
溧水,溧阳,52
汉口,六安,272
绍兴东,杭州东,74
宁波,绍兴东,81
余姚北,宁波,49
绍兴北,余姚北,63
杭州东,绍兴北,43
宜兴,杭州东,127
瓦屋山,宜兴,61
江宁,瓦屋山,56
南京南,江宁,12
仙桃西,汉口,114
潜江,仙桃西,20
四平东,长春,130
开原西,四平东,79
山海关,盘锦北,225
潼南,成都,200
重庆北,潼南,106
丰都,长寿北,66
石柱县,丰都,49
恩施,石柱县,163
宜昌东,恩施,207
仙桃西,荆州,90
镇江,南京南,74
常州,镇江,72
昆山南,苏州,34
上海虹桥,昆山南,50
镇江,丹阳,27
潜江,汉口,134
巴东,宜昌东,113
恩施,巴东,101
利川,恩施,61
丰都,利川,144
重庆北,丰都,134
涪陵北,重庆北,92
丰都,涪陵北,42
汉川,仙桃西,68
汉口,汉川,46
金寨,红安西,148
嘉善南,嘉兴南,17
上海虹桥,嘉善南,67
红安西,六安,200
建始,巴东,66
恩施,建始,35
石柱县,利川,95
重庆北,石柱县,183
枝江北,宜昌东,44
荆州,枝江北,44
丹阳,南京南,101
苏州园区,昆山南,24
苏州,苏州园区,10
长寿北,石柱县,115
大英东,成都东,119
潼南,大英东,79
利川,涪陵北,144
天门南,荆州,112
麻城北,汉口,111
杭州东,德清,26
荆州,汉川,158
建始,宜昌东,179
重庆北,利川,278
恩施,丰都,205
武汉,汉口,31
庐山,阳新,84
共青城,庐山,44
南昌西,共青城,80
抚州,南昌西,101
南丰,抚州,90
泰宁,南丰,79
将乐,泰宁,32
三明北,将乐,50
尤溪,三明北,42
永泰,尤溪,95
福州,永泰,68
尤溪,福州,153
永修,南昌西,53
瑞昌西,庐山,27
黄石北,白沙铺,19
天门南,汉川,32
涪陵北,石柱县,91
恩施,涪陵北,247
阳新,黄石北,46
南昌西,庐山,134
建宁县北,南丰,49
泰宁,建宁县北,30
三明北,泰宁,92
莆田,三明北,196
泉州,莆田,69
厦门北,泉州,71
晋江,厦门北,46
泉州,晋江,25
尤溪,泉州,223
建宁县北,将乐,72
南城,建宁县北,81
抚州,南城,48
宜昌东,潜江,158
共青城,永修,26
德安,共青城,8
遂宁,重庆北,145
涪陵北,长寿北,24
德安,阳新,61
南昌西,德安,303
建宁县北,抚州,119
武汉,瑞昌西,183
潜江,汉川,88
溧水,江宁,34
湖州,溧阳,87
合川,遂宁,102
天门南,仙桃西,31
溧阳,长兴,67
宜昌东,仙桃西,178
枝江北,汉川,202
扬州,合肥南,225
泰州,扬州,64
海安,泰州,54
南通,海安,65
镇江,南京,64
嘉兴南,上海虹桥,84
海宁西,嘉兴南,49
杭州东,海宁西,26
余姚北,杭州东,106
奉化,宁波,38
台州,奉化,114
温岭,台州,24
绅坊,温岭,46
温州南,绅坊,53
福鼎,温州南,94
罗源,福鼎,136
福州南,罗源,64
福清,福州南,36
泉州,福清,119
漳州,厦门北,42
漳浦,漳州,45
潮汕,漳浦,122
普宁,潮汕,53
陆丰,普宁,61
惠州南,陆丰,135
潮汕,汕尾,149
饶平,潮汕,41
云霄,饶平,50
漳州,云霄,76
福州南,莆田,86
连江,福州南,32
宁德,连江,56
福安,宁德,27
瑞安,福安,156
温州南,瑞安,23
雁荡山,温州南,76
台州,雁荡山,47
宁海,台州,80
宁波,宁海,72
绍兴东,余姚北,63
桐乡,嘉兴南,28
杭州东,桐乡,47
台州,宁波,152
乐清,温岭,64
温州南,乐清,35
惠东,深圳坪山,52
汕尾,惠东,68
潮阳,汕尾,123
潮汕,潮阳,26
诏安,潮汕,59
漳州,诏安,108
涵江,泉州,89
福州南,涵江,66
宁德,福州南,88
福鼎,宁德,112
松江南,上海虹桥,31
嘉兴南,松江南,53
余杭,嘉兴南,60
杭州东,余杭,15
三门县,宁波,106
台州,三门县,46
普宁,汕尾,96
涵江,莆田,20
福清,涵江,30
霞浦,宁德,59
温州南,霞浦,147
永嘉,温州南,18
乐清,永嘉,17
宁海,温岭,104
金山北,上海虹桥,48
嘉兴南,金山北,36
杭州东,嘉兴南,75
绍兴东,绍兴北,31
永嘉,温岭,81
福安,温州南,169
潮汕,漳州,255
陆丰,潮汕,104
陆丰,深圳坪山,155
诏安,饶平,18
漳浦,诏安,63
厦门北,漳浦,87
福安,罗源,51
霞浦,福安,32
苍南,霞浦,90
温州南,苍南,57
雁荡山,乐清,41
奉化,雁荡山,161
上海虹桥,桐乡,112
三门县,奉化,68
温州南,温岭,6
太姥山,温州南,113
宁德,太姥山,93
惠安,福州南,137
厦门北,惠安,89
深圳北,陆丰,191
惠东,深圳北,88
潮阳,惠东,191
莆田,惠安,51
宁波,温州南,275
莆田,尤溪,154
晋江,惠安,68
鲘门,深圳北,123
葵潭,鲘门,98
潮汕,葵潭,84
云霄,诏安,32
厦门北,云霄,118
仙游,泉州,45
莆田,仙游,24
盘锦北,唐山北,398
四平东,沈阳北,180
长春西,四平东,118
惠东,葵潭,165
潮阳,陆丰,88
云霄,潮汕,91
漳浦,云霄,31
仙游,厦门北,116
福鼎,霞浦,53
仙游,涵江,44
鲘门,普宁,68
深圳坪山,鲘门,87
福州,福州南,19
古田北,福州,79
南平北,古田北,42
武夷山东,南平北,104
上饶,武夷山东,115
惠州南,葵潭,165
福清,莆田,50
惠东,陆丰,135
汕尾,深圳坪山,120
葵潭,汕尾,65
潮阳,葵潭,58
饶平,潮阳,67
漳浦,饶平,81
鲘门,潮阳,156
晋江,莆田,94
惠州南,潮汕,249
葵潭,陆丰,30
漳州,饶平,126
福州南,仙游,110
角美,厦门北,24
漳浦,角美,63
深圳北,汕尾,56
陆丰,汕尾,35
普宁,潮阳,27
潮汕,惠东,217
厦门,诏安,163
普宁,诏安,112
厦门,漳浦,100
漳州,厦门,55
角美,诏安,126
南丰,南城,32
三明北,建宁县北,122
三明,三明北,29
永安南,三明,39
漳平西,永安南,71
龙岩,漳平西,353
南靖,漳州,34
龙岩,南靖,80
三明北,永安南,141
诏安,厦门北,150
惠安,泉州,18
仙游,惠安,27
永泰,莆田,59
五府山,上饶,30
武夷山北,五府山,50
武夷山东,武夷山北,35
建瓯西,武夷山东,51
南平北,建瓯西,53
闽清北,古田北,29
福州,闽清北,50
福清,福州,55
惠州南,普宁,196
漳州,角美,70
深圳北,潮汕,305
云霄,厦门,131
惠州南,潮阳,236
厦门,角美,37
惠东,普宁,164
陆丰,鲘门,68
漳州,龙岩,114
潮阳,漳州,220
南平北,福州,121
于都,赣州,54
瑞金,于都,72
长汀南,瑞金,34
冠豸山,长汀南,44
古田会址,冠豸山,39
龙岩,古田会址,28
贵港,南宁东,140
桂平,贵港,58
平南南,桂平,35
藤县,平南南,59
梧州南,藤县,25
郁南,梧州南,31
云浮东,郁南,77
肇庆东,云浮东,62
郁南,肇庆东,139
贵港,藤县,152
宾阳,贵港,140
阳朔,桂林北,67
枝江北,仙桃西,134
大英东,遂宁,27
厦门,厦门北,39
晋江,厦门,77
南城,三明北,203
枫林,共青城,96
阳新,枫林,26
深圳坪山,东莞,84
昌图西,四平东,51
东戴河,沈阳北,379
盘锦北,锦州南,69
沈阳北,辽中,68
扶余北,长春西,142
方正,宾州,107
高楞,方正,40
依兰,高楞,42
襄汾西,侯马西,27
祁县东,霍州东,103
晋中,祁县东,50
闻喜西,洪洞西,111
临汾西,西安北,346
临汾西,太原南,47
西安北,运城北,63
霍州东,襄汾西,64
忻州西,太原南,69
原平西,忻州西,34
应县,原平西,106
怀仁东,应县,22
永济北,渭南北,115
介休东,临汾西,122
介休东,太原南,111
运城北,襄汾西,91
介休东,晋中,95
襄汾西,永济北,144
灵石东,晋中,116
襄汾西,灵石东,133
临汾西,渭南北,291
临汾西,祁县东,167
渭南北,侯马西,224
晋中,洪洞西,197
介休东,太谷西,64
灵石东,介休东,21
闻喜西,霍州东,155
西安北,永济北,337
侯马西,闻喜西,32
侯马西,太原南,292
杨陵南,西安北,89
宝鸡南,杨陵南,78
岐山,宝鸡南,37
杨陵南,岐山,41
咸阳秦都,西安北,30
岐山,咸阳秦都,100
咸阳秦都,杨陵南,59
平遥古城,襄汾西,172
岐山,西安北,130
天水南,宝鸡南,132
兰州西,天水南,269
宝鸡南,咸阳秦都,137
介休东,闻喜西,213
大荔,闻喜西,139
秦安,天水南,40
兰州西,秦安,229
西宁,兰州西,188
宝鸡南,西安北,167
太原南,灵石东,140
公主岭南,德惠西,147
开原西,公主岭南,134
榆中,兰州西,47
定西北,榆中,47
天水南,定西北,175
通渭,天水南,96
兰州西,通渭,173
定西北,兰州西,94
秦安,定西北,135
榆中,秦安,182
海石湾,兰州西,87
西宁,海石湾,101
张掖西,西宁,297
酒泉南,张掖西,191
嘉峪关南,酒泉南,21
民乐,张掖西,64
西宁,民乐,233
民和南,西宁,101
兰州西,民和南,87
通渭,定西北,79
大通西,西宁,43
张掖西,大通西,254
临泽南,张掖西,35
酒泉南,临泽南,156
东岔,宝鸡南,67
天水南,东岔,65
兰州西,西安北,568
平安驿,兰州西,163
西宁,平安驿,25
乐都,海石湾,45
西宁,乐都,56
高台南,张掖西,71
酒泉南,高台南,120
乐都,兰州西,132
沈阳北,葫芦岛北,266
哈尔滨西,沈阳北,538
嘉峪关南,张掖西,212
玉门,嘉峪关南,126
柳园南,玉门,163
哈密,柳园南,261
鄯善北,哈密,281
吐鲁番北,鄯善北,91
乌鲁木齐,吐鲁番北,167
门源,西宁,98
民乐,门源,135
吐哈,鄯善北,32
哈密,吐哈,249
嘉峪关南,柳园南,289
临泽南,高台南,36
海石湾,平安驿,76
清水北,酒泉南,61
高台南,清水北,59
民乐,大通西,190
吐鲁番北,吐哈,123
乐都,平安驿,31
海石湾,兰州,97
敦煌,嘉峪关南,353
瓜州,嘉峪关南,251
开原西,长春西,197
葫芦岛北,台安,167
从江,贵阳北,284
贵阳北,三都县,152
钟山西,肇庆东,209
从江,恭城,238
贵阳北,都匀东,126
贵定县,贵阳北,80
榕江,贵定县,147
龙里北,贵阳北,52
龙洞堡,贵阳北,28
三水南,都匀东,690
广宁,三水南,74
广宁,桂林西,319
贺州,从江,322
都匀东,阳朔,362
贵阳北,桂林西,423
三江南,恭城,186
东戴河,秦皇岛,16
葫芦岛北,东戴河,122
安达,肇东,65
齐齐哈尔南,大庆东,152
桂林北,钟山西,481
怀集,恭城,174
桂林北,怀集,595
许昌东,郑州,100
漯河西,许昌东,64
驻马店西,漯河西,64
信阳东,驻马店西,118
孝感北,信阳东,73
汉口,孝感北,130
鄂州,葛店南,26
永修,庐山,71
恭城,桂林北,101
桂林北,贺州,505
鄂州,阳新,71
漯河西,孝感北,250
广州南,广宁,125
全州南,东安东,61
兴安北,全州南,52
桂林,兴安北,65
蓟州,北京,83
北戴河,蓟州,194
北京,山海关,315
枣阳,襄阳东,66
随州,枣阳,77
汉口,随州,166
上海南,上海虹桥,20
无锡新区,苏州,29
无锡,无锡新区,13
安亭北,昆山南,23
上海虹桥,安亭北,29
云梦,汉口,78
安陆,云梦,27
随州,安陆,61
襄阳,随州,149
常州,南京南,143
惠山,常州,3
无锡,惠山,36
苏州,上海虹桥,84
苏州园区,上海虹桥,74
戚墅堰,常州,11
惠山,戚墅堰,14
苏州新区,无锡,32
苏州,苏州新区,10
丹阳,无锡,84
阳澄湖,昆山南,24
苏州,阳澄湖,10
华山北,渭南北,66
三门峡南,华山北,136
洛阳龙门,三门峡南,123
郑州东,洛阳龙门,143
徐州,郑州东,331
南京,徐州,348
重庆北,恩施,339
襄阳,枣阳,72
汉口,安陆,105
镇江南,南京南,65
丹阳北,镇江南,32
常州北,丹阳北,33
苏州北,常州北,84
上海虹桥,苏州北,81
无锡东,苏州北,27
南京南,无锡东,187
瓦房店西,大连北,78
营口东,瓦房店西,128
盘锦,营口东,89
锦州南,盘锦,98
桐乡,嘉善南,45
海宁西,桐乡,21
庄桥,余姚北,41
宁波,庄桥,8
临海,宁海,57
台州,临海,23
温州南,台州,123
太姥山,瑞安,90
福州,宁德,96
太姥山,福安,66
福鼎,太姥山,19
桐乡,松江南,81
临海,宁波,129
乐清,台州,88
罗源,连江,32
太姥山,罗源,117
平阳,太姥山,73
温州南,平阳,40
临海,温岭,47
金山北,嘉善南,19
松江南,金山北,17
宁波,绍兴北,112
霞浦,平阳,737
福州南,霞浦,147
宁德,罗源,24
瑞安,福鼎,71
苍南,瑞安,34
福鼎,苍南,37
绅坊,台州,70
苍南,平阳,17
太姥山,苍南,56
宁波,温岭,176
连江,霞浦,115
角美,云霄,94
福安,连江,83
瑞安,平阳,1012
三门县,宁海,34
温岭,三门县,70
宁德,瑞安,183
仙游,晋江,70
瑞安,霞浦,124
福安,福鼎,85
福州南,福安,178
长汀南,古田会址,83
长汀南,赣州,160
平阳,宁德,166
永嘉,台州,95
福安,苍南,112
龙岩,厦门北,76
厦门北,南靖,76
太姥山,霞浦,34
福安,平阳,769
冠豸山,龙岩,373
龙岩,瑞金,145
霞浦,罗源,83
姜堰,泰州,14
海安,姜堰,40
全椒,扬州,124
如皋,海安,20
南通,如皋,45
福州南,泉州,155
温岭,雁荡山,23
福鼎,平阳,525
盘锦,绥中北,200
鲅鱼圈,营口东,57
大连北,鲅鱼圈,149
厦门北,福州南,216
义乌,杭州东,109
金华南,义乌,45
永康南,金华南,43
丽水,永康南,50
温州南,丽水,90
金华南,丽水,93
杭州东,金华南,223
永嘉,雁荡山,41
雁荡山,绅坊,23
福州南,太姥山,181
福清,仙游,74
温州南,罗源,206
瑞昌西,德安,63
枫林,瑞昌西,25
泉州,厦门,102
三门县,雁荡山,93
诸暨,杭州东,66
义乌,诸暨,43
武义北,金华南,19
永康南,武义北,24
缙云西,永康南,21
丽水,缙云西,29
青田,温州南,40
丽水,青田,50
义乌,武义北,64
南京南,瓦屋山,65
宁波,绅坊,222
杭州东,南京南,256
三明北,永泰,137
庐山,枫林,49
福州,三明北,184
南昌西,南城,149
黄石北,葛店南,42
九江,武汉,229
景德镇北,九江,151
大冶北,瑞昌西,88
泰宁,南城,111
泉州,永泰,117
溧阳,江宁,86
三门县,温州南,169
惠东,惠州南,29
桐庐,杭州东,96
建德,桐庐,39
千岛湖,建德,31
黄山北,绩溪北,41
桐庐,千岛湖,70
普宁,深圳坪山,216
惠安,涵江,71
厦门北,潮汕,209
大明湖,北京,498
淄博,大明湖,107
天津西,大明湖,350
北京,天津西,148
富阳,杭州东,61
桐庐,富阳,38
九江,鄱阳,182
阳新,九江,25
普湾,大连北,41
盖州西,普湾,137
营口东,盖州西,28
葫芦岛北,盘锦,141
汉口,合肥南,359
来宾北,贵港,113
来宾北,南宁,157
五通,三江南,68
鲅鱼圈,盘锦,146
瓦房店西,鲅鱼圈,71
云浮东,梧州南,108
三水南,云浮东,87
梧州南,肇庆东,195
平南南,梧州南,84
平南南,南宁东,233
南江口,梧州南,70
肇庆东,南江口,100
桂平,藤县,94
桂平,南宁东,198
贵港,平南南,93
桂平,宾阳,115
梧州南,桂平,119
云浮东,南江口,38
南江口,佛山西,143
佛山西,云浮东,105
郁南,三水南,164
南江口,郁南,39
梧州南,佛山西,213
佛山西,郁南,182
大英东,合川,128
三水南,南江口,125
南宁东,藤县,292
梧州南,贵港,177
合浦,南宁东,174
梧州南,三水南,195
桂平,来宾北,171
来宾北,梧州南,290
平南南,来宾北,206
葵潭,深圳坪山,185
角美,潮汕,185
嘉善南,杭州东,92
田东北,百色,55
平果,田东北,60
隆安东,平果,25
南宁西,隆安东,39
南宁,南宁西,44
田阳,南宁,192
百色,田阳,31
平果,田阳,84
南宁,隆安东,83
田东北,田阳,24
南宁,平果,108
田东北,南宁,168
普者黑,昆明南,203
广南县,普者黑,92
富宁,广南县,71
百色,富宁,120
平果,百色,115
石林西,普者黑,154
昆明南,石林西,49
广通北,昆明,153
楚雄,广通北,27
南华,楚雄,32
大理,南华,116
南宁,贵港,151
普者黑,富宁,163
弥勒,昆明南,92
普者黑,弥勒,111
珠琳,普者黑,47
广南县,珠琳,45
余杭,海宁西,11
祥云,楚雄,111
大理,祥云,37
弥勒,石林西,43
百色,广南县,191
南宁西,田东北,124
百色,珠琳,236
弥勒,珠琳,158
楚雄,禄丰南,81
金山北,桐乡,64
富宁,石林西,317
广南县,弥勒,203
隆安东,百色,140
珠琳,昆明南,250
南江口,广州南,176
珠琳,富宁,116
南华,祥云,79
宾阳,平南南,233
昆明,楚雄,180
百色,普者黑,283
云南驿,大理,54
楚雄,云南驿,94
富宁,昆明南,366
弥勒,百色,394
昆明南,百色,486
山海关,盘锦,263
隆安东,田阳,109
宾阳,柳州,129
昆明南,广南县,295
南宁西,平果,64
百色,南宁,223
云南驿,祥云,17
全州南,桂林北,109
永州,东安东,29
祁阳,永州,33
祁东,祁阳,29
衡阳东,祁东,73
桂林北,兴安北,57
秦皇岛,蓟州,216
锦州南,绥中北,102
通渭,秦安,56
瓦房店西,普湾,37
盖州西,鲅鱼圈,29
北戴河,滦县,69
葫芦岛北,秦皇岛,138
鞍山西,锦州南,203
辽阳,鞍山西,30
鞍山西,沈阳,95
盘锦,鞍山西,105
北戴河,盘锦,301
富县东,甘泉北,30
蒲城东,富县东,148
西安北,蒲城东,108
黄陵南,西安北,206
富县东,黄陵南,50
延安,富县东,70
黄陵南,延安,120
蒲城东,黄陵南,98
海城西,盘锦,66
鞍山西,海城西,39
沈阳北,辽阳,70
南充北,遂宁,65
蓬溪,遂宁,23
南充北,蓬溪,42
成都东,蓬溪,169
蓬安,营山,17
南充,蓬安,41
蓬溪,南充,44
广安南,南充,75
达州,营山,101
南充,营山,58
成都,遂宁,148
南充,遂宁,67
南充,大英东,94
成都东,南充北,211
成都东,南充,213
南充,成都,215
岳池,广安南,16
南充,岳池,59
岳池,成都东,272
达州,蓬安,116
遂宁,营山,125
达州,成都东,372
成都东,蓬安,254
襄阳东,随州,143
随州,云梦,88
谷城,襄阳东,80
十堰,谷城,91
襄阳东,汉口,309
襄阳东,襄阳,6
枣阳,汉口,243
安陆,武昌,118
随州,武昌,179
阳曲西,忻州西,42
太原南,阳曲西,34
太原南,原平西,110
洪洞西,祁县东,147
原平西,怀仁东,128
宾西北,宾州,24
哈尔滨,宾西北,43
大庆东,肇东,86
大庆西,大庆东,22
齐齐哈尔,杜尔伯特,74
齐齐哈尔南,齐齐哈尔,7
哈尔滨北,安达,114
宾州,哈尔滨,67
达连河,高楞,23
依兰,达连河,19
尚志南,海林北,138
齐齐哈尔,大庆西,116
阿城北,哈尔滨,51
尚志南,阿城北,90
横道河子东,一面坡北,91
海林北,横道河子东,30
西宁,兰州,198
南京,扬州,101
江都,泰州,39
扬州,江都,25
泰州,南京,165
扬州,海安,118
南京,南通,284
歙县北,千岛湖,101
建德,杭州东,135
三阳,千岛湖,46
歙县北,三阳,55
桐庐,黄山北,189
黄山北,杭州东,288
巢湖东,合肥南,70
无为,巢湖东,35
铜陵北,无为,34
泾县,铜陵北,55
绩溪北,泾县,71
旌德,歙县北,51
南陵,旌德,64
铜陵北,南陵,34
旌德,绩溪北,28
哈密,吐鲁番北,372
马鞍山东,南京南,42
当涂东,马鞍山东,15
芜湖,当涂东,28
铜陵,芜湖,76
池州,铜陵,50
安庆,池州,46
繁昌西,铜陵,5
芜湖,繁昌西,10
马鞍山东,芜湖,43
弋江,芜湖,12
繁昌西,弋江,29
江宁西,马鞍山东,5
南京南,江宁西,107
弋江,铜陵,64
无为,合肥南,105
铜陵,铜陵北,22
铜陵北,巢湖东,69
长临河,巢湖东,46
合肥南,长临河,24
合肥南,铜陵,161
潜江,武昌,147
天门南,武昌,103
汉川,武昌,66
枝江北,潜江,114
枝江北,汉口,248
后湖,金银潭,3
盘锦北,台安,55
济南西,济南东,44
青州市,昌乐,33
青岛,高密,98
潍坊,青岛,183
蓬莱市,龙口市,35
烟台,蓬莱市,67
威海北,烟台,80
威海北,文登东,37
即墨北,淄博,257
海阳北,即墨北,97
胶州北,桃村北,157
高密,胶州北,35
福州,莆田,105
惠安,福清,101
闽清北,南平北,71
共青城,九江,63
南昌,共青城,72
鄱阳,湖口,86
都昌,景德镇北,87
永修,九江,89
南昌,九江,135
鹰潭北,南昌,140
上饶,鹰潭北,120
德兴,上饶,36
婺源,德兴,31
会昌北,于都,42
瑞金,会昌北,30
雁石南,龙岩,29
漳平西,雁石南,23
延平西,三明,61
武夷山东,延平西,121
婺源,上饶,86
三明,武夷山东,182
龙岩,永安南,123
瑞金,冠豸山,78
延平西,南平北,17
三明北,延平西,57
双洋,永安南,54
漳平西,双洋,17
福州,连江,40
罗源,福州,72
苏州新区,昆山南,44
龙山镇,南靖,15
龙岩,龙山镇,65
厦门北,莆田,109
漳州,泉州,113
晋江,漳州,88
龙岩,厦门,169
抚州,南昌,101
抚州,泰宁,159
三明,双洋,75
将乐,南城,153
仙游,永泰,83
南丰,将乐,121
合肥南,金寨,139
瓦屋山,溧水,19
句容西,溧阳,72
南京南,句容西,26
漳平西,冠豸山,119
古田会址,雁石南,90
南靖,厦门,89
瑞金,古田会址,117
会昌北,长汀南,64
唐山北,蓟州,68
霸州西,北京南,101
白沟,霸州西,23
白洋淀,白沟,19
徐水,白洋淀,23
保定,徐水,24
唐山,秦皇岛,147
天津西,天津,5
胜芳,天津西,36
白洋淀,胜芳,79
正定,保定,117
石家庄,正定,18
霸州西,白洋淀,42
天津西,霸州西,73
滨海西,天津西,38
滨海北,滨海西,27
唐山,滨海北,54
滦河,北戴河,65
唐山,滦河,61
白沟,胜芳,60
徐水,白沟,42
定州,保定,60
正定,定州,57
秦皇岛,滦河,86
呼和浩特,呼和浩特东,8
厦门,葵潭,306
卓资东,乌兰察布,48
呼和浩特东,乌兰察布,126
普宁,深圳北,252
华山北,西安北,116
大庆东,哈尔滨,148
哈尔滨,齐齐哈尔,286
齐齐哈尔,大庆东,138
大庆东,杜尔伯特,64
诏安,潮阳,85
哈尔滨,齐齐哈尔南,279
托克托东,呼和浩特,78
东胜东,托克托东,128
鄂尔多斯,东胜东,33
准格尔,东胜东,113
呼和浩特,准格尔,19
山海关,唐山北,164
华容南,武汉,42
鄂州东,华容南,22
花湖,鄂州东,15
黄石北,花湖,6
沧州,北京,264
南京,沧州,898
苏州,南京,217
鄂州,鄂州东,8
华容南,鄂州,14
镇江,上海,237
天津西,南京,1014
南京,北京,1162
无锡,上海,165
南京,无锡,136
南京,北京南,1153
上海,常州,165
北京南,沧州,255
陵水,三亚,66
神州,陵水,37
万宁,神州,12
博鳌,万宁,41
美兰,博鳌,114
海口东,美兰,14
老城镇,海口东,31
临高南,老城镇,38
白马井,临高南,59
棋子湾,白马井,59
东方,棋子湾,31
乐东,东方,82
凤凰机场,乐东,54
三亚,凤凰机场,9
亚龙湾,三亚,12
陵水,亚龙湾,54
万宁,陵水,49
海口东,博鳌,128
黄流,东方,67
乐东,黄流,15
崖州,乐东,26
凤凰机场,崖州,28
琼海,万宁,54
文昌,琼海,50
美兰,文昌,51
福山镇,海口东,53
白马井,福山镇,75
海口东,文昌,65
福山镇,老城镇,22
临高南,福山镇,16
尖峰,东方,53
黄流,尖峰,14
三亚,乐东,63
嘉兴,南京,378
杭州,嘉兴,93
白马井,海口东,128
临高南,海口东,69
金月湾,东方,34
黄流,金月湾,33
琼海,博鳌,404
白马井,老城镇,97
德州,南京,785
北京,德州,377
隆回,怀化南,124
邵阳西,隆回,22
邵阳,邵阳西,23
杨桥,邵阳,60
西渡,杨桥,46
衡阳东,西渡,44
邵东,杨桥,30
邵阳,邵东,30
隆回,邵阳,45
洞口,隆回,43
安江东,洞口,53
怀化南,安江东,28
洞口,怀化南,81
衡阳东,邵东,120
珠海,广州南,116
徐州,北京南,805
蚌埠,徐州,164
南京,蚌埠,184
琼海,美兰,101
博鳌,文昌,63
崖州,三亚,37
金月湾,乐东,48
黄流,崖州,41
三亚,万宁,115
北京南,蚌埠,969
海宁,南京,406
杭州,海宁,65
新会,广州南,72
阳江,新会,151
茂名,阳江,117
湛江西,茂名,90
电白,阳江,93
茂名,电白,24
阳东,阳江,25
恩平,阳东,38
台山,恩平,48
新会,台山,40
马踏,茂名,48
阳西,马踏,33
阳江,阳西,36
阳东,台山,86
双水镇,新会,18
阳江,双水镇,133
电白,马踏,24
开平南,台山,14
恩平,开平南,34
顺德,新会,59
阳江,恩平,63
阳西,茂名,81
银滩,临高南,30
陵水,琼海,103
海口东,海口,24
神州,亚龙湾,91
博鳌,神州,388
三亚,美兰,270
文昌,万宁,104
琼海,神州,66
美兰,神州,167
汕头,潮汕,29
普宁,汕头,82
开平南,广州南,126
阳江,开平南,97
吴川,茂名,25
湛江西,吴川,67
台山,广州南,112
阳西,恩平,99
阳江,马踏,69
开平南,新会,54
台山,阳江,111
双水镇,恩平,70
台山,双水镇,22
双水镇,开平南,36
电白,阳西,57
恩平,新会,88
深圳坪山,常平,65
惠州南,常平,85
汕尾,东莞,204
陇南,广元,139
兰州,哈达铺,241
东莞,惠州南,104
陆丰,东莞,239
岷县,兰州,216
陇南,岷县,154
兰州,广元,509
潮阳,汕头,55
常平,潮阳,308
汕尾,常平,185
潮汕,东莞,353
东莞,深圳,76
深圳北,广州南,102
常德,石门县北,81
汉寿,常德,48
益阳,汉寿,53
长沙,益阳,97
常德,长沙,198
临澧,常德,48
石门县北,临澧,33
益阳,常德,101
宁乡,长沙,58
益阳,宁乡,39
本溪,沈阳北,81
丹东,本溪,147
南芬北,本溪,18
通远堡西,南芬北,44
丹东,凤城东,45
沈阳南,本溪,61
本溪,凤城东,102
沈阳北,沈阳南,20
五龙背东,南芬北,91
南芬北,丹东,129
凤城东,南芬北,84
沈阳,本溪新城,49
本溪,五龙背东,129
金州,大连北,14
皮口,金州,70
城子坦,皮口,14
花园口,城子坦,13
庄河北,花园口,35
大孤山,庄河北,61
东港北,大孤山,48
丹东,东港北,38
北井子,东港北,19
青堆,北井子,62
庄河北,青堆,28
杏树屯,城子坦,39
登沙河,杏树屯,9
金州,登沙河,36
皮口,杏树屯,25
北井子,庄河北,90
丹东,北井子,57
青堆,大孤山,33
金州,庄河北,132
城子坦,庄河北,48
金州,城子坦,84
庄河北,大连,163
丹东,庄河北,147
庄河北,东港北,109
登沙河,城子坦,48
皮口,庄河北,62
杏树屯,大连,76
庄河北,杏树屯,87
北井子,大孤山,29
大连北,大连,17
皮口,大连北,84
五龙背东,通远堡西,67
皮口,花园口,27
登沙河,皮口,34
通远堡西,丹东,85
杏树屯,金州,45
金州,花园口,97
双龙湖,宾州,82
方正,双龙湖,25
得莫利,方正,18
依兰,得莫利,64
宏克力,依兰,33
佳木斯,宏克力,54
得莫利,高楞,22
宾州,高楞,147
达连河,方正,63
佳木斯西,依兰,77
佳木斯,佳木斯西,10
佳木斯,方正,169
哈尔滨,方正,174
绥芬河,牡丹江,137
穆棱,绥芬河,71
济南东,淄博,46
青州市,高密,142
防城港北,南宁东,148
田东北,隆安东,85
柳州,南宁,223
南宁,防城港北,159
宾阳,南宁,94
横道河子东,哈尔滨,249
尚志南,牡丹江,159
帽儿山西,哈尔滨,101
尚志南,帽儿山西,40
亚布力西,尚志南,63
牡丹江,亚布力西,96
苇河西,海林北,93
尚志南,苇河西,45
横道河子东,尚志南,108
新香坊北,阿城北,20
哈尔滨,新香坊北,31
帽儿山西,新香坊北,70
阿城北,帽儿山西,50
苇河西,亚布力西,18
横道河子东,苇河西,63
一面坡北,苇河西,28
一面坡北,帽儿山西,57
帽儿山西,牡丹江,199
绥阳,牡丹江,116
牡丹江,苇河西,114
贵阳北,桐梓东,179
修文县,贵阳北,29
息烽,修文县,26
楚雄,大理,148
祥云,广通北,138
大理,昆明,328
云南驿,南华,62
广通北,大理,175
广通北,云南驿,121
南华,广通北,59
禄丰南,南华,113
丽江,昆明,478
祥云,丽江,187
鹤庆,祥云,155
丽江,鹤庆,32
鹤庆,楚雄,266
昆明,祥云,291
乌鲁木齐南,吐鲁番北,158
乌鲁木齐,乌鲁木齐南,9
乌鲁木齐南,鄯善北,249
乌鲁木齐,哈密,539
岷县,渭源,82
哈达铺,渭源,107
门源,大通西,55
通渭,榆中,126
沈阳,台安,99
云梦,武昌,91
汉口,宜昌东,292
苏州,南京南,233
南京南,无锡,146
济南西,北京南,406
南京南,济南西,617
上海虹桥,南京南,295
深圳北,香港西九龙,39
韶关,广州南,227
长沙南,韶关,480
南昌西,长沙南,342
上饶,南昌西,241
金华,上饶,180
杭州东,金华,161
上海虹桥,杭州东,159
咸宁北,武汉,85
长沙南,咸宁北,277
衡阳东,长沙南,177
乐昌东,衡阳东,259
广州南,乐昌东,271
虎门,广州南,50
深圳北,虎门,52
郴州西,韶关,150
长沙南,郴州西,330
岳阳东,长沙南,147
武汉,岳阳东,215
赤壁北,武汉,128
长沙南,赤壁北,234
耒阳西,长沙南,232
英德西,耒阳西,335
广州南,英德西,140
庆盛,广州南,31
深圳北,庆盛,71
郴州西,广州南,377
衡阳东,郴州西,153
咸宁北,岳阳东,130
衡山西,长沙南,136
英德西,衡山西,344
耒阳西,韶关,248
株洲西,长沙南,52
衡阳东,株洲西,125
广州北,郴州西,330
广州南,广州北,47
衡阳东,韶关,303
衡山西,株洲西,84
郴州西,衡山西,194
清远,郴州西,294
广州南,清远,83
沧州西,北京南,210
德州东,沧州西,104
曲阜东,济南西,129
枣庄,曲阜东,92
宿州东,枣庄,133
南京南,宿州东,263
苏州北,镇江南,149
耒阳西,衡阳东,55
无锡东,上海虹桥,108
常州北,无锡东,57
南京南,常州北,130
滁州,南京南,59
蚌埠南,滁州,62
宿州东,蚌埠南,142
徐州东,宿州东,68
济南西,徐州东,286
廊坊,济南西,346
北京南,廊坊,60
郴州西,英德西,237
汨罗东,长沙南,147
泰安,济南西,59
枣庄,泰安,162
徐州东,枣庄,65
滁州,徐州东,272
耒阳西,郴州西,98
衡山西,耒阳西,96
赤壁北,咸宁北,43
岳阳东,赤壁北,92
咸宁北,汨罗东,130
镇江南,无锡东,122
蚌埠南,南京南,121
徐州东,蚌埠南,210
沧州西,济南西,196
天津南,北京南,122
德州东,天津南,192
滕州东,济南西,185
徐州东,滕州东,101
丹阳北,苏州北,117
南京南,丹阳北,97
德州东,北京南,314
枣庄,济南西,221
南京南,徐州东,331
镇江南,常州北,65
定远,南京南,121
徐州东,定远,210
天津南,济南西,284
苏州北,昆山南,31
汨罗东,岳阳东,70
长沙南,武汉,362
定远,枣庄,275
无锡东,丹阳北,90
武汉,麻城北,107
衡阳东,衡山西,41
廊坊,天津南,62
乐昌东,韶关,44
乐昌东,衡山西,300
广州北,韶关,144
汨罗东,武汉,285
金寨,武汉,216
广州北,乐昌东,224
沧州西,廊坊,150
苏州北,南京南,214
无锡东,昆山南,58
泰安,徐州东,227
汨罗东,赤壁北,157
宿州东,济南西,354
上海虹桥,镇江南,230
耒阳西,株洲西,180
黄冈东,汉口,106
滁州,枣庄,337
常州北,昆山南,115
济南西,滁州,558
南京南,上海,311
天津西,济南西,301
唐山,滨海西,76
唐山,北戴河,126
天津西,沧州西,105
绥中北,秦皇岛,79
台安,辽中,31
天津西,唐山,301
徐州东,曲阜东,157
沈阳北,山海关,388
昌图西,沈阳北,134
天津西,滨海北,145
德州东,天津西,129
保定东,霸州西,77
邢台东,石家庄,122
鹤壁东,邢台东,159
郑州东,鹤壁东,132
许昌东,郑州东,90
武汉,孝感北,126
新乡东,郑州东,67
鹤壁东,新乡东,64
安阳东,鹤壁东,86
石家庄,安阳东,195
白洋淀,保定东,35
泰安,曲阜东,70
泰安,滕州东,126
宿州东,滁州,204
南京南,枣庄,396
军粮城北,滨海北,945
天津西,军粮城北,105
霸州西,胜芳,37
公主岭南,长春西,63
铁岭西,公主岭南,181
肇东,哈尔滨西,69
葫芦岛北,辽中,198
天津南,天津西,17
沧州西,天津南,88
蚌埠南,滕州东,257
营口东,大连北,206
邯郸东,鹤壁东,106
高邑西,邯郸东,124
石家庄,高邑西,51
定州东,正定机场,43
白沟,保定东,54
大庆西,哈尔滨,170
邯郸东,邢台东,53
新乡东,邯郸东,170
秦皇岛,滨海西,223
铁岭西,开原西,245
上海虹桥,常州北,165
信阳东,武汉,199
明港东,信阳东,50
驻马店西,明港东,108
郑州东,漯河西,115
开封北,郑州东,52
商丘,开封北,138
砀山南,商丘,62
徐州东,砀山南,108
永城北,徐州东,81
砀山南,永城北,27
石家庄,邯郸东,175
天津西,白沟,96
曲阜东,宿州东,225
安阳东,邢台东,113
新乡东,安阳东,110
华山北,洛阳龙门,259
郑州西,洛阳龙门,101
郑州东,郑州西,42
白洋淀,定州东,97
天津西,白洋淀,115
安阳东,邯郸东,60
安阳东,郑州东,177
鹤壁东,石家庄,281
上海,昆山南,57
驻马店西,孝感北,151
唐山,军粮城北,94
保定东,天津西,150
三门峡南,渭南北,202
大连北,盖州西,178
葫芦岛北,沈阳,266
沈阳,山海关,388
金华,义乌,16
衢州,金华,78
上饶,衢州,102
南昌西,鹰潭北,140
高安,南昌西,47
宜春,高安,129
萍乡北,宜春,61
长沙南,萍乡北,191
新余北,萍乡北,110
南昌西,新余北,127
抚州东,南昌西,137
鹰潭北,抚州东,43
义乌,上饶,245
宜春,南昌西,176
醴陵东,萍乡北,29
长沙南,醴陵东,162
宜春,长沙南,105
衢州,南昌西,348
枣庄,滕州东,36
利川,长寿北,210
清远,韶关,149
株洲西,郴州西,278
龙游,金华,49
衢州,龙游,29
江山,衢州,30
上饶,江山,72
凯里南,贵阳北,127
新晃西,凯里南,199
芷江,新晃西,14
怀化南,芷江,34
邵阳北,怀化南,155
韶山南,邵阳北,111
湘潭北,韶山南,40
长沙南,湘潭北,26
桐乡,余杭,32
铜仁南,凯里南,140
芷江,铜仁南,19
娄底南,邵阳北,146
湘潭北,娄底南,99
金华,诸暨,95
宜春,新余北,49
娄底南,长沙南,39
新化南,娄底南,134
怀化南,新化南,73
铜仁南,怀化南,107
贵阳北,铜仁南,267
蚌埠南,济南西,442
玉山南,金华,146
鹰潭北,玉山南,135
怀化南,娄底南,207
贵阳北,怀化南,374
南昌西,萍乡北,237
进贤南,南昌西,18
上饶,进贤南,223
新晃西,怀化南,48
贵阳东,凯里南,117
三穗,凯里南,92
铜仁南,三穗,48
邵阳北,长沙南,91
凯里南,怀化南,247
溆浦南,怀化南,61
韶山南,溆浦南,205
高安,新余北,80
金华,江山,108
诸暨,衢州,146
鹰潭北,进贤南,82
衢州,鹰潭北,203
义乌,衢州,130
余杭,松江南,60
金华,南昌西,421
鹰潭北,义乌,301
德州东,廊坊,254
宜春,醴陵东,90
弋阳,进贤南,123
上饶,弋阳,60
松江南,杭州东,128
龙游,上饶,131
鹰潭北,杭州东,442
弋阳,抚州东,44
玉山南,上饶,34
衢州,玉山南,68
南昌西,弋阳,181
新化南,邵阳北,82
溆浦南,新化南,12
平坝南,贵阳北,55
安顺西,平坝南,46
盘州,安顺西,150
富源北,盘州,32
曲靖北,富源北,52
嵩明,曲靖北,76
昆明南,嵩明,52
曲靖北,昆明南,128
盘州,曲靖北,84
普安县,盘州,31
安顺西,普安县,119
贵阳北,安顺西,101
贵定北,贵阳北,60
凯里南,贵定北,67
芷江,凯里南,213
韶山南,娄底南,59
金华,鹰潭北,281
三穗,怀化南,155
贵定北,三穗,159
曲靖北,安顺西,234
新晃西,三穗,67
娄底南,溆浦南,146
龙游,义乌,101
昆明南,安顺西,362
邵阳北,溆浦南,94
上饶,抚州东,144
江山,玉山南,38
三穗,芷江,121
贵阳北,盘州,251
三穗,贵阳北,219
龙游,江山,59
萍乡北,高安,190
铜仁南,贵定北,207
抚州东,南昌,97
弋阳,鹰潭北,41
定远,蚌埠南,54
滁州,定远,62
进贤南,南昌,58
昆明南,盘州,212
安顺西,富源北,182
长沙南,韶山南,66
黄山北,德兴,107
曲阜东,滁州,429
进贤南,抚州东,39
耒阳西,广州南,475
南京南,昆山南,245
铜仁南,新晃西,19
关岭,安顺西,45
盘州,关岭,105
弋阳,衢州,162
景德镇北,湖口,121
富阳,建德,77
金华南,金华,13
金华南,缙云西,64
上饶,南昌,260
长兴,南京南,165
新余北,长沙南,215
全州南,永州,50
永州,祁东,62
建瓯西,延平西,70
婺源,武夷山北,166
杭州东,千岛湖,159
怀化南,湘潭北,306
贵阳北,曲靖北,335
长沙南,怀化南,332
湘潭北,邵阳北,151
民权北,开封北,88
商丘,民权北,50
永城北,商丘,89
兰考南,民权北,35
开封北,兰考南,53
信阳东,漯河西,182
曲靖北,普安县,115
武汉,六安,268
泰安,滁州,499
红安西,武汉,68
合肥南,武汉,436
北京西,定州东,201
高邑西,安阳东,184
涿州东,高碑店东,21
滕州东,曲阜东,56
萧县北,徐州东,41
永城北,萧县北,40
丹阳北,昆山南,148
枣庄,蚌埠南,221
弋阳,南昌,188
上海虹桥,海宁西,133
泾县,南陵,21
武夷山北,上饶,80
建瓯西,武夷山北,86
黄山北,上饶,162
延平西,上饶,335
三明北,龙岩,191
武夷山东,三明北,207
光明城,深圳北,16
庆盛,光明城,55
淮南东,蚌埠南,43
水家湖,淮南东,20
合肥南,水家湖,89
旌德,黄山北,69
武夷山东,五府山,76
黄山北,泾县,112
淮南东,合肥南,109
泾县,歙县北,115
无为,南陵,68
杭州东,长兴,91
五府山,建瓯西,136
上海虹桥,余杭,39
武夷山北,南平北,139
上饶,建瓯西,166
龙游,杭州东,210
玉山南,龙游,97
建瓯西,古田北,95
杭州东,溧阳,158
福州,厦门,276
武夷山东,福州,225
杭州东,武夷山东,456
金山北,杭州东,111
武夷山东,义乌,347
武夷山东,古田北,146
水家湖,蚌埠南,63
泾县,无为,89
福州,武夷山北,202
南丰,三明北,171
南京南,北京南,1023
曲阜东,南京南,488
保定东,胜芳,114
邢台东,高邑西,71
西安北,洛阳龙门,380
石家庄,白洋淀,177
巩义南,郑州东,93
三门峡南,巩义南,173
信阳东,汉口,203
合肥,淮南东,89
六安,合肥,92
水家湖,合肥,69
广州南,衡阳东,679
合肥,麻城北,271
韶山南,新化南,148
贵定北,贵阳东,50
桐梓北,遵义南,110
大足南,永川东,22
成都东,大足南,223
贵阳东,三穗,209
麻城北,合肥南,232
济南东,德州东,96
章丘北,济南东,30
淄博北,章丘北,52
青州市北,淄博北,53
潍坊北,青州市北,55
青岛北,潍坊北,204
无锡东,上海,115
淄博北,青岛北,247
邹平,淄博北,28
济南东,邹平,54
宿州东,定远,142
民权北,郑州东,140
砀山南,民权北,112
兰考南,永城北,174
郑州东,兰考南,105
商丘,郑州东,186
徐州东,商丘,170
商丘,兰考南,85
萧县北,商丘,129
郑州东,徐州东,360
郑州东,砀山南,252
洛阳龙门,巩义南,10
荣昌北,资阳北,130
渭南北,洛阳龙门,317
泰安,济南,62
民权北,徐州东,220
灵宝西,郑州东,314
华山北,灵宝西,88
渑池南,华山北,194
洛阳龙门,渑池南,65
滕州东,济南,188
三门峡南,灵宝西,48
曲阜东,济南,132
武汉,驻马店西,317
漯河西,武汉,421
兰考南,砀山南,147
灵宝西,渭南北,154
洛阳龙门,灵宝西,171
宜兴,句容西,103
德清,长兴,56
宁波,杭州东,353
溧水,句容西,20
淄博北,济南东,82
潍坊北,淄博北,108
长兴,杭州,94
砀山南,萧县北,67
开封北,永城北,227
溧水,杭州东,117
南京南,湖州,185
灵宝西,西安北,209
旌德,铜陵北,98
南陵,巢湖东,103
兰考南,徐州东,255
郑州东,三门峡南,262
胶州北,青岛北,48
潍坊北,胶州北,91
临淄北,青州市北,23
淄博北,临淄北,30
平原东,济南东,78
天津南,平原东,275
民权北,萧县北,179
渑池南,巩义南,115
西安北,三门峡南,257
开封北,砀山南,200
济南,潍坊,210
松江南,嘉善南,36
永城北,民权北,139
永川东,资阳北,162
重庆西,资中北,178
青州市,章丘,104
郑州西,郑州,24
渑池南,灵宝西,106
淮北,徐州东,77
巩义南,郑州西,51
渭南北,渑池南,252
永修,阳新,148
衢州,金华南,91
青岛北,北京南,804
高密北,莱阳,135
潍坊北,高密北,63
郑州西,渑池南,166
即墨北,高密北,44
济南东,禹城东,59
青岛西,高密北,102
赣榆,日照西,65
驻马店西,许昌东,128
郑州东,驻马店西,219
临淄北,潍坊北,78
齐河,济南东,30
邢台东,新乡东,223
胶州北,高密北,28
潍坊北,即墨北,128
海阳北,高密北,141
莱阳,潍坊北,198
潍坊北,海阳北,225
章丘北,邹平,24
高密北,夏格庄,93
烟台,潍坊北,296
潍坊北,北京南,600
无锡东,济南西,804
昆明南,贵阳北,463
长沙南,新化南,214
沈阳北,北京南,786
沈阳,天津,666
三门峡南,渑池南,58
潍坊北,青岛,154
璧山,隆昌北,96
苏州北,上海,88
济南,徐州东,289
合肥南,济南西,594
金华,武义北,32
南昌西,玉山南,275
武义北,丽水,74
温州南,缙云西,119
枣庄,济南,224
鹰潭北,江山,173
新化南,湘潭北,188
东安东,桂林北,170
衡阳东,祁阳,102
永州,衡阳东,135
武义北,缙云西,45
双峰北,娄底南,14
邵东,双峰北,44
贵阳东,芷江,498
唐山,北京南,234
沈阳,唐山,552
永川东,成都东,223
铜仁南,贵阳东,257
延平西,武夷山北,149
三明,龙岩,162
大冶北,葛店南,66
郑州,漯河西,164
长春,沈阳北,317
枫林,九江,65
武汉,大冶北,95
枫林,黄石北,73
蚌埠南,合肥南,132
绩溪北,南陵,92
泉州,福州,174
石家庄,北京西,281
郑州东,石家庄,412
西安北,郑州东,523
高密北,青岛北,76
石家庄,天津西,293
天津,滨海西,38
霸州西,正定机场,142
淮南东,徐州东,199
青岛西,潍坊北,158
胶州北,青岛西,67
旌德,泾县,43
济南东,潍坊北,190
潍坊北,邹平,136
泾县,合肥南,194
宿州东,合肥南,240
滕州东,宿州东,169
桐梓北,珞璜南,116
贵阳北,桐梓北,209
许昌东,信阳东,246
盘州,嵩明,160
贵阳北,重庆西,347
富源北,贵阳北,283
昆明南,富源北,180
平坝南,盘州,196
关岭,曲靖北,189
平坝南,关岭,91
赶水东,娄山关南,99
贵阳北,关岭,146
赶水东,贵阳北,255
息烽,重庆西,292
富源北,普安县,63
永川东,璧山,30
内江北,大足南,70
桐梓东,桐梓北,30
璧山,资中北,151
广州南,怀集,171
梧州南,南宁东,317
广州南,梧州南,246
广州南,桂林西,444
邵阳,衡阳东,390
邵阳,洞口,88
西渡,邵东,76
普安县,贵阳北,220
铜仁南,铜仁,60
朱砂古镇,铜仁,27
铜仁南,朱砂古镇,33
凯里南,铜仁,200
福田,香港西九龙,30
深圳北,福田,9
厦门,惠州南,471
南陵,歙县北,115
长临河,铜陵北,115
郑州东,邯郸东,237
武汉,郑州东,536
汉口,郑州东,540
淮南东,宿州东,131
铜陵北,合肥南,139
歙县北,铜陵北,149
闽清北,武夷山东,175
福州,建瓯西,174
成都东,西安北,662
长兴,溧水,119
德州东,泰安,222
句容西,湖州,159
郑州东,信阳东,337
承德县北,承德南,29
平泉北,承德县北,37
牛河梁,平泉北,61
喀左,牛河梁,35
奈林皋,喀左,30
朝阳,奈林皋,37
阜新,朝阳,118
沈阳,阜新,157
阜新,新民北,98
北票,阜新,81
朝阳,北票,37
牛河梁,朝阳,102
承德南,平泉北,66
阜新,沈阳北,158
牛河梁,奈林皋,65
海城西,鲅鱼圈,95
喀左,朝阳,67
承德县北,牛河梁,98
辽阳,沈阳南,50
营口东,鞍山西,77
辽阳,营口东,107
滨海北,天津,60
山海关,营口东,352
天津西,山海关,282
承德南,朝阳,229
长春西,沈阳北,298
天津西,廊坊,62
秦皇岛,盘锦北,234
天津西,秦皇岛,283
营口东,锦州南,187
长春西,哈尔滨,247
沈阳南,鞍山西,80
葫芦岛北,海城西,161
蚌埠南,泰安,383
石家庄,高碑店东,198
石家庄,涿州东,219
喀左,平泉北,96
黑山北,阜新,56
新民北,黑山北,42
黑山北,沈阳北,102
沈阳北,大连北,383
日照西,青岛西,79
庐山,武汉,210
庐山,黄石北,125
大冶北,庐山,115
天津西,营口东,634
正定机场,北京西,244
汉口,漯河西,385
禹城东,衡水北,132
南宁,北海,208
长沙南,桂林北,511
邵阳,娄底南,48
东安东,兴安北,113
耒阳西,乐昌东,204
漯河西,明港东,132
高碑店东,定州东,118
德清,宜兴,92
涿州东,定州东,139
新乡东,石家庄,345
渑池南,西安北,315
北京西,郑州东,693
临海,三门县,23
江宁,德清,209
广州南,长沙南,707
广州北,清远,36
广州南,福田,111
虎门,光明城,36
衡山西,韶关,344
英德西,韶关,87
清远,英德西,57
衡阳东,清远,447
光明城,福田,25
广州南,光明城,86
广州北,英德西,93
长沙南,祁东,250
娄底南,邵东,57
庆盛,虎门,19
普宁,葵潭,31
郑州,洛阳龙门,125
江宁,宜兴,210
郑州,武汉,545
邵阳西,怀化南,146
洞口,邵阳西,65
安江东,隆回,96
香港西九龙,广州南,141
高邑西,鹤壁东,230
三门峡南,郑州西,224
正定机场,白洋淀,140
青州市北,高密北,118
高邑西,郑州东,401
潍坊,青岛西,187
青岛西,高密,77
铁岭西,沈阳,59
沈阳,开原西,106
海城西,辽阳,69
惠山,镇江,97
昆山南,无锡新区,63
安亭北,苏州园区,45
上海,安亭北,29
苏州,安亭北,55
戚墅堰,无锡新区,41
无锡,戚墅堰,28
上海西,昆山南,10
上海,上海西,74
丹阳,惠山,45
营口东,沈阳北,177
普湾,鲅鱼圈,108
花桥,上海,40
苏州,花桥,44
常州,苏州,81
戚墅堰,丹阳,56
阳澄湖,上海,5
仙林,南京,13
镇江,仙林,51
苏州,惠山,56
苏州园区,上海,74
南京,惠山,161
无锡新区,常州,52
无锡新区,惠山,52
辽阳,盖州西,107
花桥,昆山南,10
上海西,苏州园区,69
戚墅堰,镇江,83
南翔北,上海,14
昆山南,南翔北,36
无锡,镇江,111
上海西,安亭北,24
鲅鱼圈,鞍山西,134
鞍山西,大连北,283
阿城北,哈尔滨西,58
宝华山,镇江,37
南京南,宝华山,37
苏州,南翔北,34
沈阳,长春西,303
宝华山,南京,27
沈阳,营口东,172
仙林,丹阳,78
海城西,大连北,244
上海虹桥,阳澄湖,59
营口东,海城西,38
辽阳,鲅鱼圈,164
沈阳,四平东,185
营口东,普湾,165
南京南,合肥,154
苏州,上海西,79
鞍山西,盖州西,105
合肥北城,淮南东,67
合肥,合肥北城,22
合肥,全椒,98
水家湖,合肥北城,47
沈阳南,营口东,157
淮北北,淮北,11
萧县北,淮北北,25
淮北,萧县北,36
上海,镇江南,237
千岛湖,富阳,108
黄山北,建德,150
绩溪北,三阳,29
上海虹桥,上海,33
黄山北,三阳,70
永康南,杭州东,197
义乌,缙云西,109
永康南,义乌,88
义乌,丽水,138
缙云西,杭州东,218
诸暨,永康南,131
杭州,桐乡,57
嘉兴南,杭州,85
余杭,杭州,25
上海西,上海虹桥,28
松江南,海宁西,102
瓦屋山,溧阳,30
合肥北城,合肥南,42
无为,长临河,81
乐清,绅坊,18
宁海,奉化,34
戚墅堰,苏州,70
德惠西,哈尔滨,163
余杭,嘉善南,77
嘉善南,海宁西,102
绍兴东,庄桥,73
临海,奉化,91
乐昌东,清远,1314
诸暨,金华南,88
湖州,溧水,139
宁海,雁荡山,127
海城西,瓦房店西,166
沈阳南,海城西,119
长春西,双城北,200
扶余北,哈尔滨,105
大连北,沈阳南,363
大庆东,哈尔滨西,155
盖州西,瓦房店西,100
瓦房店西,大连,95
沈阳,盖州西,200
鞍山西,沈阳北,100
大连,盖州西,195
鲅鱼圈,大连,166
沈阳,鲅鱼圈,367
大连,营口东,223
海城西,盖州西,66
瓦房店西,沈阳南,285
大连,普湾,58
大连,鞍山西,300
大连,辽阳,330
海城西,大连,261
瓦房店西,鞍山西,205
大连,沈阳,395
沈阳北,海城西,139
普湾,海城西,203
鞍山西,普湾,242
盘锦,辽阳,135
锦州南,盖州西,215
沈阳,昌图西,134
彰武,通辽,143
沈阳北,彰武,114
通辽,沈阳北,257
沈阳,黑山北,101
三门峡南,郑州,248
郑州,驻马店西,228
郑州,巩义南,75
西安北,郑州,474
南昌西,杭州东,582
重庆北,内江北,166
永川东,重庆北,74
永川东,荣昌北,10
璧山,重庆北,44
内江北,简阳南,100
荣昌北,重庆北,106
资中北,荣昌北,89
简阳南,大足南,244
资阳北,简阳南,30
沙坪坝,隆昌北,120
永川东,沙坪坝,54
沙坪坝,大足南,76
荣昌北,简阳南,160
内江北,沙坪坝,146
璧山,沙坪坝,24
沙坪坝,成都东,299
沙坪坝,荣昌北,86
资阳北,沙坪坝,216
璧山,资阳北,192
上饶,南平北,219
资中北,大足南,99
成都南,资阳北,91
重庆西,成都南,310
重庆北,资阳北,236
梁平南,复盛,154
太原南,北京西,513
天水南,西安北,299
广安,重庆,144
渠县,广安,38
达州,渠县,73
万源,达州,112
安康,万源,164
西安南,安康,216
西安,西安南,43
西安,杨陵,85
镇安,西安南,98
安康,镇安,118
达州,安康,276
源潭,广州,68
韶关东,源潭,153
坪石,韶关东,87
郴州,坪石,66
衡阳,郴州,147
长沙,衡阳,186
岳阳,长沙,147
武昌,岳阳,215
孝感,武昌,90
花园,孝感,34
广水,花园,45
信阳,广水,65
确山,信阳,76
驻马店,确山,20
西平,驻马店,44
漯河,西平,22
周口,漯河,66
咸宁,武昌,80
赤壁,咸宁,38
岳阳,赤壁,97
韶关东,郴州,153
枣庄西,邹城,74
马鞍山,南京,78
芜湖,马鞍山,47
宣城,芜湖,64
广德,宣城,63
长兴南,广德,51
德清西,长兴南,58
杭州,德清西,110
诸暨,杭州,45
武义,金华南,27
永康,武义,21
缙云,永康,33
丽水,缙云,32
温州,青田,57
鹤立,鹤岗,36
佳木斯,鹤立,32
汤原,佳木斯,50
浩良河,汤原,37
南岔,浩良河,66
朗乡,南岔,47
庆安,朗乡,128
绥化,庆安,54
哈尔滨东,兴隆镇,100
开原,四平,84
晋州,石家庄北,54
辛集,晋州,21
衡水,辛集,47
郓城,聊城,100
菏泽,郓城,56
济宁,巨野,49
徐州,兖州,163
枣强,清河城,49
衡水,枣强,31
隆化,昌平北,235
赤峰,隆化,212
奈曼,赤峰,185
东来,奈曼,106
通辽,东来,59
余粮堡,通辽,31
东来,余粮堡,28
四道湾,赤峰,77
敖汉,四道湾,39
奈曼,敖汉,69
八仙筒,奈曼,54
东来,八仙筒,52
南昌西,九江,150
丰城南,南昌西,84
樟树东,丰城南,20
峡江,樟树东,53
吉安,峡江,69
泰和,吉安,34
兴国,泰和,79
赣州,兴国,73
惠州,赣州,396
东莞东,惠州,54
深圳东,东莞东,45
宣城,长兴南,114
德州,禹城,68
沧州,吴桥,91
天津西,青县,101
廊坊北,天津西,74
龙川,惠州,155
赣州,龙川,241
吉安,赣州,186
南昌,吉安,218
鞍山,大石桥,68
铁力,绥化,102
带岭,铁力,94
南岔,带岭,33
西林,南岔,55
美溪,西林,25
伊春,美溪,24
西林,伊春,49
金山屯,西林,13
南岔,金山屯,42
铁力,南岔,127
沈阳,开原,104
四平,沈阳北,185
白城,松原,183
定西,兰州,118
陇西,定西,84
武山,陇西,39
甘谷,武山,40
天水,甘谷,67
宝鸡,天水,155
虢镇,宝鸡,20
杨陵,虢镇,68
兴平,杨陵,39
咸阳,兴平,23
三门峡西,渭南,186
三门峡,三门峡西,23
渑池,三门峡,53
洛阳,渑池,69
巩义,洛阳,54
郑州,巩义,70
民权,郑州,278
夏邑县,虞城县,15
砀山,夏邑县,28
济南,兖州,156
蓝村,青岛北,37
潍坊,胶州,110
开封,砀山,194
渭南,洛阳,331
宝鸡,西安,173
陇西,甘谷,79
庐江,合肥,79
桐城,庐江,38
安庆西,桐城,39
天柱山,安庆西,28
太湖,天柱山,34
宿松,太湖,34
黄梅,宿松,22
九江,黄梅,53
向塘,南昌,28
新干,向塘,112
吉安,新干,86
赣州,泰和,152
河源,赣州,323
惠州,河源,80
龙川,河源,75
龙南,龙川,116
信丰,龙南,62
赣州,信丰,63
九江,吉安,373
柞水,西安南,72
镇安,柞水,26
小河镇,镇安,36
旬阳北,小河镇,36
安康,旬阳北,46
紫阳,安康,57
万源,紫阳,94
重庆西,渠县,162
贵阳,遵义,155
咸阳,宝鸡,150
商洛,西安,180
丹凤,商洛,39
商南,丹凤,58
西峡,商南,67
唐河,西峡,155
桐柏,唐河,68
信阳,桐柏,77
六安,固始,85
巢湖,合肥,64
芜湖,巢湖,77
杭州,芜湖,304
绍兴,杭州,63
余姚,绍兴,60
宁波,余姚,48
上虞,余姚,32
绍兴,上虞,28
信阳,合肥,344
唐河,信阳,145
镇平,唐河,78
西峡,镇平,77
丹凤,西峡,125
涡阳,蚌埠,199
项城,周口,30
沈丘,项城,19
界首市,沈丘,30
太和北,界首市,20
阜阳,太和北,48
涡阳,阜阳,76
淮北,徐州,62
涡阳,淮北,85
淮南,阜阳,126
合肥,淮南,95
芜湖,合肥,141
衡水,任丘,127
商丘南,菏泽,105
亳州,商丘南,64
阜阳,亳州,104
潢川,阜阳,116
麻城,潢川,120
九江,麻城,223
定南,龙南,23
龙川,定南,93
深圳,东莞东,61
缙云,青田,111
长兴南,杭州,126
临沂,枣庄东,104
青岛北,胶州,58
延吉,图们,52
安图,延吉,66
敦化,安图,73
黄泥河,敦化,38
黄松甸,黄泥河,31
蛟河,黄松甸,44
吉林,蛟河,97
九台,吉林,76
长春,九台,52
唐山,葫芦岛,322
静海,天津,38
沧州,静海,73
东光,沧州,59
德州,东光,54
大明湖,禹城,53
德州,大明湖,121
沈阳,大虎山,136
敦化,蛟河,113
成都,绵阳,103
赣州,定南,148
潢川,南昌,485
曹县,商丘南,64
阳谷,菏泽,494
肃宁,衡水,86
任丘,肃宁,41
十堰,安康,202
武当山,十堰,19
谷城,武当山,72
襄阳,谷城,80
邓州,襄阳,73
宝丰,南召,127
巩义,汝州,123
宁陵县,兰考,66
衡水,聊城,152
天津,衡水,269
郭家店,四平,461
兰棱,哈尔滨西,65
扶余,兰棱,30
长春,扶余,144
铁岭,四平,118
锦州,沈阳,230
唐山,锦州,357
任丘,天津,142
清河城,大营镇,29
商丘,菏泽,119
汝州,郑州,206
南阳,宝丰,110
襄阳,南阳,129
安康,襄阳,373
宣汉,紫阳,159
麻城,汉口,105
潢川,新县,60
郯城,新沂,35
临沂东,郯城,58
桃村,临沂东,364
沂南,莒县,30
临沂东,沂南,45
任丘,北京西,147
临清,清河城,26
梁山,聊城,76
菏泽,梁山,80
安庆,安庆西,40
菏泽,亳州,169
阜阳,商丘南,168
武昌,麻城,125
临湘,赤壁,55
路口铺,临湘,12
岳阳,路口铺,30
汨罗,岳阳,69
长沙,汨罗,78
临湘,岳阳,42
曹县,阜阳,225
义乌,绍兴,202
鹰潭,上饶,116
东乡,鹰潭,41
涪陵,重庆北,100
秀山,涪陵,306
松桃,秀山,46
铜仁,松桃,57
怀化,铜仁,93
娄底,怀化,315
湘潭,娄底,99
株洲,湘潭,26
醴陵,株洲,42
萍乡,醴陵,39
宜春,萍乡,71
新余,宜春,54
鹰潭,新余,246
株洲,长沙,52
衡阳,株洲,134
广州,韶关东,221
广州北,广州,27
韶关东,广州北,194
衡阳,韶关东,300
赤壁,路口铺,67
大庆,齐齐哈尔,129
肇东,大庆,95
扶余,哈尔滨,104
石家庄北,辛集,85
阳泉北,石家庄北,104
太原,阳泉北,121
汾阳,太原,99
绥德,吕梁,89
吐鲁番,乌鲁木齐,154
鄯善,吐鲁番,148
哈密,鄯善,263
疏勒河,柳园,142
嘉峪关,玉门,132
高台,酒泉,129
张掖,临泽,37
金昌,张掖,170
谭家井,武威,96
中卫,谭家井,161
定边,中卫,231
绥德,定边,246
石家庄北,太原,225
饶阳,衡水,62
天津,霸州,87
沈阳北,锦州,233
大庆,哈尔滨,159
陇县,蔡家坡,103
固原,平凉,91
同心,固原,119
中卫,同心,98
开江,达州,61
梁平,开江,28
万州,梁平,68
恩施,万州,163
当阳,宜昌东,57
荆门,当阳,52
武昌,荆门,256
鄂州,武昌,85
黄石,鄂州,27
阳新,黄石,37
瑞昌,阳新,61
南昌,瑞昌,145
樟树东,南昌,104
吉安,樟树东,129
武昌,南昌,362
宜昌东,荆门,109
万州,利川,102
达州,万州,157
南充,达州,159
石门县北,宜昌东,172
衡阳,坪石,213
万州,宜昌东,377
开江,万州,96
汤阴,安阳,22
鹤壁,汤阴,19
卫辉,鹤壁,41
新乡,卫辉,25
徐州,商丘,146
鹤壁,新乡,66
唐河,南阳,58
合肥,固始,177
上海南,嘉兴,80
黄村,北京西,23
任丘,黄村,165
绩溪县,宣城,132
黄山,绩溪县,50
松江,上海南,26
嘉善,松江,36
嘉兴,嘉善,18
海宁,嘉兴,28
杭州东,海宁,59
株洲,鹰潭,452
玉屏,新晃,33
镇远,玉屏,61
凯里,镇远,88
贵阳,凯里,188
阜阳,合肥,221
菏泽,阜阳,273
肃宁,饶阳,24
霸州,肃宁,96
黄村,霸州,69
高碑店,北京西,84
保定,高碑店,62
石家庄北,定州,85
交城,太原,72
榆林,柳林南,166
东胜西,榆林,193
达拉特西,东胜西,78
包头,达拉特西,29
鄂尔多斯,东胜西,20
榆林,鄂尔多斯,173
吕梁,榆林,191
太原,文水,86
北京西,保定,142
福泉,贵阳,128
凯里,福泉,60
施秉,凯里,49
镇远,施秉,39
上饶,株洲,394
松江,嘉兴,54
衢州,景德镇北,183
九江,衢州,506
武昌,九江,220
襄阳东,安陆,70
武功,杨陵,12
咸阳,武功,50
三门峡,渭南,209
洛阳,三门峡,122
泰山,徐州,246
大明湖,泰山,76
眉山,成都,92
峨眉,眉山,64
汉源,峨眉,124
甘洛,汉源,40
普雄,甘洛,76
西昌,普雄,161
攀枝花,西昌,192
广通北,攀枝花,198
商丘,夏邑县,35
灵宝,三门峡,53
华山,潼关,12
武功,兴平,27
虢镇,蔡家坡,23
黎塘,南宁,120
来宾,黎塘,65
衡阳,永州,136
龙市,衡阳,163
井冈山,龙市,56
吉安,井冈山,91
黄州,南昌,326
阜阳,麻城,236
定陶,商丘南,182
蕲春,黄州,59
九江,蕲春,97
炎陵,龙市,32
茶陵南,炎陵,44
安仁,茶陵南,35
永州,安仁,208
桂林北,永州,199
黑井,广通北,27
元谋,黑井,69
攀枝花,元谋,102
成都,甘洛,320
灵璧,徐州,118
泗县,灵璧,30
洋河,泗县,61
泗阳,洋河,34
淮安,泗阳,35
盐城,淮安,123
南通,盐城,168
海门,南通,38
启东,海门,45
东台,海安,40
盐城,东台,63
樟树东,向塘,76
新干,樟树东,36
兴国,吉安,113
惠州,信丰,333
信阳,息县,73
襄阳,信阳,239
重庆西,广安,125
襄阳,十堰,171
达州,成都,373
潢川,信阳,104
许昌,郑州,86
驻马店,许昌,120
信阳,驻马店,96
武昌,信阳,234
衡山,株洲,83
衡阳,衡山,51
耒阳,衡阳,63
郴州,耒阳,84
定南,惠州,248
赣州,龙南,125
广水,武昌,169
漯河,驻马店,66
郑州,漯河,140
石家庄,定州,75
邯郸,石家庄,161
安阳,邯郸,60
鹤壁,安阳,41
获嘉,新乡,22
焦作,获嘉,41
安阳,新乡,107
邢台,邯郸,52
石家庄,邢台,109
保定,石家庄,135
涿州,北京西,64
保定,涿州,82
高邑,石家庄,47
临城,高邑,15
邢台,临城,47
宝丰,郑州,248
南阳,鲁山,102
宣汉,安康,228
西昌,眉山,417
米易,西昌,48
攀枝花,米易,192
万源,宣汉,77
旬阳,安康,44
白河县,旬阳,80
十堰,白河县,78
荆门,襄阳,124
石门县北,荆门,229
东莞东,广州,95
襄阳,石门县北,353
旬阳,襄阳,329
乌海,惠农,48
临河,乌海,143
呼和浩特东,包头,173
大同,集宁南,127
柴沟堡,大同,134
峨眉,甘洛,164
邢台,安阳,112
潍坊,蓝村,131
上海南,苏州,98
义乌,杭州,139
徐家店,莱西,55
杭州东,嘉兴,87
玉山,江山,46
上饶,玉山,30
横峰,上饶,48
弋阳,横峰,17
贵溪,弋阳,30
鹰潭,贵溪,21
进贤,东乡,39
南昌,进贤,64
进贤,向塘,36
横峰,贵溪,47
衢州,玉山,81
上海南,嘉善,62
通辽,太平川,121
奈曼,通辽,165
纪家沟,赤峰,116
四合永,纪家沟,34
古北口,滦平,63
怀柔北,古北口,53
顺义,怀柔北,35
彭泽,池州,131
九江,彭泽,59
丰城,九江,208
樟树,丰城,24
新余,樟树,76
鹿寨,桂林北,122
柳州,鹿寨,42
南宁,来宾,177
萍乡,株洲,81
向塘,丰城,33
东至,彭泽,59
池州,东至,72
孝感,汉口,70
阜阳,沈丘,98
兖州,枣庄西,95
广州,深圳东,139
佛山,广州,22
肇庆,佛山,87
茂名,肇庆,252
茂名西,茂名,10
玉林,茂名西,175
南宁,玉林,263
田林,百色,636
曲靖,昆明,157
富源,曲靖,75
红果,富源,29
威舍,红果,68
兴义,威舍,36
册亨,兴义,74
百色,册亨,176
茂名,玉林,174
阳春,茂名,94
肇庆,阳春,169
杭州,上海南,173
武夷山,上饶,126
建阳,武夷山,52
建瓯,建阳,46
三明,建瓯,252
南昌,阳新,199
金华,南昌,464
建瓯,延平西,65
聊城,邯郸,159
聊城,大明湖,127
彭泽,湖口,29
宁波,绍兴,108
南昌,鹰潭,144
武昌,阳新,149
朗乡,带岭,14
神树,朗乡,46
庆安,神树,82
郭家店,公主岭,27
大安北,松原,69
新肇,大安北,27
太阳升,新肇,31
立志,太阳升,6
新华屯,立志,17
林源,新华屯,26
银浪,林源,18
大庆西,银浪,20
长春,王府,115
化州,廉江,49
茂名西,化州,21
肇庆,茂名西,262
东莞,广州,71
深圳东,东莞,68
分宜,新余,30
宜春,分宜,24
怀化,株洲,440
玉屏,怀化,120
贵定,凯里,99
贵阳,贵定,89
安顺,贵阳,97
六枝,安顺,56
六盘水,六枝,96
宣威,六盘水,131
曲靖,宣威,101
怀化,贵阳,457
亳州,商丘,74
杭州,宣城,240
温州,丽水,136
治安,八仙筒,41
东来,治安,11
双辽,通辽,63
金宝屯,双辽,58
三江口,金宝屯,185
王岗,哈尔滨西,6
五家,王岗,20
双城堡,五家,18
兰棱,双城堡,21
蔡家沟,兰棱,12
扶余,蔡家沟,18
三江口,八面城,36
大林,双辽,65
通辽,大林,286
沟帮子,沈阳北,169
台前,聊城,70
郓城,台前,42
偃师,郑州,521
南昌,庐山,116
武义,金华,25
应城,武昌,105
天门,应城,1182
阜新南,义县,71
彰武,阜新南,114
太平川,宝龙山,57
洮南,通榆,68
齐齐哈尔,白城,218
台前,菏泽,98
葫芦岛,山海关,134
临城,石家庄,62
沙河市,邢台,24
邯郸,沙河市,28
亳州,曹县,121
聊城,商丘南,261
武昌,宜昌东,305
南昌西,武昌,362
三明北,南昌西,352
南昌,福州,547
黄石,庐山,71
武昌,黄石,168
新余,东乡,205
溆浦,株洲,336
怀化,溆浦,104
凯里,怀化,269
六枝,贵阳,153
昭通,六盘水,158
宜宾,昭通,249
自贡,宜宾,79
内江,自贡,39
简阳,内江,136
成都,简阳,83
资阳,简阳,39
资中,资阳,67
内江,资中,30
水富,宜宾,26
盐津,水富,87
昭通,盐津,136
草海,昭通,85
六盘水,草海,73
涟源,怀化,273
金华,鹰潭,313
土贵乌拉,集宁南,31
丰镇,土贵乌拉,51
沙城,宣化,50
三家店,沙城,84
保定,三家店,177
漯河,许昌,54
信阳,漯河,162
瑞昌,黄石,105
瑞昌,庐山,29
广水,孝感,79
宣化,高碑店,219
聊城,济南,124
梁山,阳谷,34
淮滨,阜阳,61
东莞东,龙川,209
南昌,赣州,412
淮滨,光山,72
阜南,淮滨,17
阜阳,阜南,44
晏城,聊城,92
济南,晏城,32
灵武,银川,51
定边,灵武,143
靖边,定边,105
子洲,靖边,111
绥德,子洲,30
藁城,石家庄北,47
晋州,藁城,17
衡水,晋州,68
德州,衡水,62
晏城,平原,51
大明湖,晏城,35
禹城,晏城,18
绥德,太原,270
盐池,定边,30
银川,盐池,164
高密,胶州,25
藁城,衡水,85
陇县,平凉,103
虢镇,陇县,80
商南,商洛,98
内乡,西峡,43
镇平,内乡,34
英德,广州,138
韶关东,英德,83
襄阳东,武昌,329
邓州,襄阳东,13
镇平,南阳,90
商洛,西峡,164
平凉,杨陵,251
青铜峡,中卫,96
襄阳东,南阳,329
赤壁,武昌,118
博克图,牙克石,128
碾子山,扎兰屯,61
龙江,碾子山,32
齐齐哈尔,龙江,81
保康,白城,183
双辽,保康,77
哈尔滨西,五家,26
牙克石,扎兰屯,251
安达,大庆,32
陇县,宝鸡,100
宝鸡,平凉,203
杨陵,宝鸡,88
东莞东,深圳西,76
偃师,巩义,20
洛阳,偃师,34
新安县,洛阳,28
三门峡,新安县,94
华山,三门峡,142
东胜西,包头,111
绥德,榆林,102
延安,绥德,167
西安,蒲城东,108
三门峡,潼关,130
平顶山,宝丰,29
漯河,平顶山,78
孝感,信阳,144
南昌西,瑞昌,152
三明北,抚州,251
南昌西,泰宁,260
绥德,子长,83
洛阳,西安,387
芜湖,南京,125
九江,池州,190
吴堡,绥德,38
柳林南,吴堡,26
文水,柳林南,124
衡水,石家庄北,132
平原,济南,83
吕梁,太原,185
绥德,柳林南,64
靖边,绥德,141
银川,定边,190
尼勒克,伊宁,72
精河南,尼勒克,128
乌苏,精河南,156
奎屯,乌苏,16
玛纳斯,石河子,11
乌鲁木齐,玛纳斯,124
嘉峪关,柳园,297
张掖,酒泉,201
中卫,武威,257
汾阳,靖边,312
定边,吕梁,201
疏勒河,酒泉,1154
伊宁,乌苏,356
新安县,渑池,41
武昌,许昌,450
广州,深圳,147
咸宁,岳阳,135
郑州,武昌,536
蔡家坡,西安,130
陇西,天水,146
兰州,陇西,202
武威,兰州,303
哈密,嘉峪关,1160
玉门,柳园,165
张掖,嘉峪关,275
兰州,武威南,163
潼关,西安,135
三门峡西,潼关,107
兰考,郑州,242
新乡,邯郸,167
洛阳,新乡,204
西安南,洛阳,429
汉中,安康,240
成都,德阳,60
西乡,汉中,93
安康,西乡,147
山阴,大同,88
原平,山阴,88
太原,阳曲,29
长治北,武乡,96
月山,晋城,44
关林,月山,129
宝丰,关林,119
信阳,花园,110
榆次,长治北,238
忻州,太原,88
怀仁东,原平,131
大同,怀仁东,45
婺源,常山,81
金华,婺源,200
上海南,杭州东,199
鹰潭,衢州,227
萍乡,鹰潭,371
慈利,常德,122
吉首,张家界,125
临澧,慈利,75
双辽,四平,93
经棚,林西,82
桑根达来,经棚,156
八面城,金宝屯,51
双城堡,德惠,111
哈尔滨西,双城堡,44
长葛,郑州,64
许昌,长葛,22
临颍,许昌,26
漯河,临颍,28
鲁山,平顶山,49
平顶山,襄阳,280
济南,泊头,192
迁安,唐山,68
山海关,迁安,105
大虎山,锦州,106
哈尔滨东,双城堡,60
铁力,庆安,48
朗乡,铁力,80
香兰,浩良河,18
汤原,香兰,19
贵阳,重庆西,357
麻尾,贵阳,306
金城江,麻尾,153
柳州,黎塘,135
南丹,金城江,68
都匀,南丹,230
贵阳,都匀,161
眉山,成都南,68
泊头,吴桥,52
开原,沈阳北,67
蔡家沟,长春,162
哈尔滨,蔡家沟,84
吉安,向塘,198
承德,隆化,56
兴隆县,承德,101
北京东,密云北,85
涿州,北京东,75
徐水,涿州,58
承德,北京东,251
四合永,承德,118
元谋,广通北,96
德昌,攀枝花,134
西昌,德昌,58
越西,普雄,29
甘洛,越西,47
深州,肃宁,51
宜城,襄阳,51
荆门,宜城,73
枝城,宜昌东,76
松滋,枝城,18
石门县北,松滋,78
怀化,吉首,103
融水,会同,237
柳州,融水,126
贵港,柳州,189
玉林,贵港,89
玉林,河唇,114
融安,融水,27
怀化,融安,300
丰城,东乡,105
新余,丰城,100
广安,达州,111
华蓥,广安,19
重庆西,华蓥,106
衡阳,祁东,74
进贤,丰城,66
鹰潭,进贤,80
张掖,清水,128
六盘水,安顺,152
贵阳,六盘水,249
嘉峪关,清水,86
蚌埠,淮南,86
昆山,上海南,63
菏泽,兖州,139
南京,砀山,431
泡子,沈阳北,26
彰武,泡子,88
经棚,大板,133
兰州,中卫,306
中卫,白银西,219
银川,中卫,162
化德,集宁南,146
通辽,查布嘎,204
砀山,蚌埠,247
丰城,南昌,61
萍乡,新余,125
湘乡,湘潭,42
娄底,湘乡,57
邵东,娄底,67
永州,邵阳,105
娄底,邵阳,98
向塘,樟树,57
保定,霸州,97
天津,霸州西,95
锦州,通辽,362
杨柳青,天津,25
静海,杨柳青,28
商河,德州,90
东营南,滨州,49
利津南,东营南,34
新立屯,大虎山,61
乌兰浩特,平台,58
景德镇,黄山,167
鹰潭,景德镇,158
新化,娄底,93
怀化,新化,222
凯里,玉屏,149
东至,九江,118
湖口,东至,88
株洲,南昌,367
宁国,绩溪县,87
宣城,宁国,45
合肥,蚌埠,131
新余,南昌,161
道州,永州,112
江华,道州,44
贺州,江华,96
梧州,贺州,135
岑溪,梧州,80
容县,岑溪,47
北流,容县,27
玉林,北流,25
贵港,黎塘,54
梧州,玉林,202
富川,贺州,45
江华,富川,51
江永,江华,22
道州,江永,22
双牌,道州,61
零陵,双牌,25
永州,零陵,26
娄底,双峰北,24
株洲,娄底,125
向塘,新余,133
安庆西,九江,171
合肥,桐城,117
固镇,蚌埠,43
宿州,固镇,47
大石桥,金州,207
沈阳,大石桥,293
包头东,呼和浩特东,157
沈阳,泡子,147
郑州,邯郸,247
湛江,玉林,195
镇安,旬阳北,72
延安,镇安,447
太原南,交城,60
石家庄北,太原南,233
饶阳,辛集,109
天津,饶阳,207
辛集,任丘,174
西安南,蒲城东,131
玉林,廉江,123
邯郸,鹤壁,101
合川,重庆,130
武威,兰州西,293
哈密,疏勒河,463
玉门,哈密,486
哈达铺,漳县,63
重庆,南充北,1017
丽水,永康,65
贵溪,上饶,95
胶州,临沂东,214
郑州,南阳,564
张家界,石门县北,118
贵定,福泉,39
北京,黄村,33
任丘,北京,157
固原,中卫,217
张家川,安口窑,57
聊城,天津,421
南昌,武穴,193
新干,峡江,17
南昌西,新干,140
麻城,蕲春,126
衡阳,祁阳,155
磁窑,徐州,212
丰城南,向塘,56
新干,丰城南,56
大余,赣州,73
南雄,大余,38
始兴,南雄,32
韶关东,始兴,61
广州北,英德,111
广州东,广州北,35
韶关东,广州东,229
大余,韶关东,131
金华,玉山,167
永康,金华,61
榆林,包头,304
蒲城东,延安,218
张桥,西安,76
黄陵南,张桥,130
高台,张掖,72
焉耆,吐鲁番,275
库尔勒,焉耆,109
轮台,库尔勒,189
库车,轮台,93
新和,库车,40
阿克苏,新和,202
阿图什,阿克苏,427
喀什,阿图什,36
巴楚,阿图什,210
阿克苏,巴楚,217
库车,阿克苏,242
库尔勒,库车,282
高台,清水,65
金昌,山丹,117
武功,蔡家坡,57
西安,三门峡,265
酒泉,临泽,164
灵宝,西安,212
定西,天水,230
德州,临邑,63
廊坊北,静海,117
黄村,廊坊北,41
安阳,石家庄,221
湘潭,长沙,78
永州,双牌,51
宁东,银川,71
定边,宁东,123
泰山,平原,160
德州,泰山,174
宁东,盐池,89
保定,北京,146
高碑店,徐水,38
北京,高碑店,90
苏家屯,沈阳北,19
晏城,泰山,105
北京,霸州,156
重庆北,成都,315
彭水,涪陵,107
黔江,彭水,64
秀山,黔江,135
铜仁,秀山,103
湘潭,怀化,414
松桃,怀化,150
酉阳,秀山,44
黔江,酉阳,82
武隆,彭水,49
涪陵,武隆,67
成都,合川,767
银川,乌海,150
陇南,兰州,370
皋兰,兰州,50
白银西,皋兰,37
扬州,蚌埠,250
南通,泰州,119
天津,德州,239
昌图,沈阳北,132
五常,香坊,108
山河屯,五常,36
舒兰,山河屯,41
吉林,舒兰,83
平房,五常,90
香坊,平房,18
灵宝,洛阳,175
灵宝,渭南,156
郑州,徐州,349
阳平关,广元,79
白河县,安康,124
吉安,鹰潭,314
源潭,英德,148
赣州,韶关东,204
索伦,乌兰浩特,108
阿尔山,索伦,146
阿尔山北,阿尔山,17
伊敏,阿尔山北,183
海拉尔,伊敏,85
蒲城东,张桥,32
吕梁,吴堡,51
天津,杨村,28
清原,沈阳,164
朝阳镇,梅河口,35
磐石,朝阳镇,39
明城,磐石,32
吉林,明城,112
唐山,昌黎,112
张家口南,保定,336
保定,宣化,311
邢台,高邑,62
商丘,郑州,203
武昌,长沙,362
遂平,驻马店,18
西平,遂平,26
临城,邯郸,99
咸阳,蔡家坡,107
关林,焦作,145
当阳,石门县北,177
元氏,邢台,81
石家庄,元氏,28
百色,兴义,250
化州,河唇,40
梅州,龙川,131
永定,梅州,117
龙岩,永定,58
集宁南,北京,501
朱日和,集宁南,174
二连,朱日和,32
玉林,化州,154
宁陵县,郑州,115
稷山,侯马,36
义马,渑池,14
洛阳,义马,55
宝丰,洛阳,387
长沙,赤壁,244
深圳西,广州,162
东莞,深圳西,273
侯马,韩城,34
亳州,定陶,160
衡阳,吉安,310
武夷山,龙岩,393
横峰,武夷山,102
南阳,信阳,203
西安,南阳,452
南阳,商南,175
桐柏,南阳,115
麻城,光山,103
武夷山,鹰潭,5
东台,泰州,94
阜宁,盐城,61
淮安,阜宁,62
沭阳,淮安,59
新沂,沭阳,52
凤县,宝鸡,108
两当,凤县,27
略阳,徽县,64
江油,成都,157
略阳,广元,135
泰州,盐城,157
钟祥,荆门,49
京山,钟祥,56
应城,京山,53
汉口,应城,85
舒城,合肥,60
庐江,舒城,19
深圳西,河源,210
赤峰,北京,477
惠州,深圳西,130
九江,赣州,547
宿松,九江,75
北京,隆化,265
德州,泊头,74
邯郸,石家庄北,171
汤阴,邯郸,82
石家庄北,邢台,119
郑州,安阳,187
武当山,襄阳,152
白河东,武当山,94
旬阳,白河东,83
石泉县,安康,88
西乡,石泉县,59
武胜,重庆,132
陇南,漳县,192
陇南,渭源,236
兰州,乐都,160
三河县,燕郊,23
蓟州,三河县,24
玉田县,蓟州,34
哈尔滨西,长春,246
呼兰,兴隆镇,65
哈尔滨西,哈尔滨东,16
德惠,哈尔滨西,158
昌黎,山海关,66
燕郊,蓟州,47
关林,郑州,129
澧县,荆门,194
邢台,新乡,219
北京西,徐水,122
济源,焦作,65
洛阳东,济源,70
凤凰城,本溪,133
丹东,凤凰城,60
月山,济源,49
焦作,月山,16
新干,鹰潭,228
鹰潭,樟树东,192
洮南,太平川,117
白河东,十堰,75
安康,白河东,127
烟台,潍坊,314
徐家店,烟台,73
潍坊,莱西,186
杭州东,上饶,390
西安南,旬阳北,170
三门峡,西安南,241
义马,三门峡,67
巩义,洛阳东,49
九江,光山,454
鹰潭,九江,163
南平南,建瓯,51
古田,南平南,60
夏邑县,徐州,111
安康,洛阳,646
阜阳,商丘,178
东莞东,广州东,86
兴宁,龙川,70
梅州,兴宁,61
大埔,梅州,65
永定,大埔,52
古田,福州,95
洛阳东,偃师,29
潢川,阜南,72
宜春,南昌,215
乐昌,郴州,103
韶关东,乐昌,62
武山,天水,107
南阳,内乡,65
宁东,灵武,20
黄陵南,西安,206
广州北,源潭,41
乐平市,景德镇,48
万年,乐平市,32
鹰潭,万年,78
吉安,东乡,273
和平,定南,37
龙川,和平,56
公主岭,铁岭,171
带岭,佳木斯,186
庆安,带岭,142
秦皇岛,沈阳北,404
三河县,玉田县,52
蕲春,阜阳,362
锦州,秦皇岛,200
哈尔滨东,哈尔滨,9
汤原,南岔,103
南岔,香兰,84
昌图,公主岭,106
天门,京山,27
广州,郴州,374
杨陵,陇县,148
滁州北,徐州,291
陇县,咸阳,210
石林,昆明,111
师宗,石林,78
罗平,师宗,46
威舍,罗平,73
兰州,武山,241
武威南,兰州西,280
瓜州,玉门,129
古浪,武威南,46
永登,古浪,133
兰州西,永登,101
石家庄东,太原,242
藁城,石家庄东,30
枣庄西,泰山,178
南京,明光,122
石家庄东,辛集,57
定西,武山,123
保定,天津,184
安阳,沙河市,88
卫辉,安阳,82
西安南,渭南,99
渭南,安康,248
鞍山,盘锦,113
南昌,三明北,486
安康,武当山,221
公主岭,沈阳,241
牡丹江,一面坡,194
鸡西,牡丹江,194
襄阳东,十堰,171
呼和浩特,卓资东,104
北京,沙城,121
林口,鸡西,84
牡丹江,林口,110
高碑店,涿州,20
贵阳,桐梓东,189
赣州,龙岩,271
冷水江东,娄底,72
怀化,冷水江东,243
贵阳,镇远,276
桐梓北,贵阳,219
张家口南,沙城,75
包头,萨拉齐,60
沧州,天津西,116
桃村,胶州,150
大明湖,潍坊,207
黄村,杨村,76
武功,宝鸡,100
谭家井,武威南,83
临河,惠农,191
大英东,成都,121
十堰,旬阳,158
宁波,义乌,261
玉田县,北京,117
山海关,玉田县,198
西丰,铁岭,89
辽源,西丰,111
东丰,辽源,47
梅河口,东丰,26
柳河,梅河口,33
三源浦,柳河,42
通化,三源浦,43
攸县南,茶陵南,23
安仁,攸县南,12
衡阳,安仁,72
广州东,郴州,382
攸县南,衡阳,84
吉安,炎陵,159
南昌,新干,140
商南,西安,277
南昌,浠水,262
南昌西,吉安,226
麻城,浠水,89
信阳,麻城,236
和硕,焉耆,41
马兰,和硕,42
吐鲁番,马兰,195
长沙,咸宁,282
湛江西,廉江,75
雷州,湛江西,16
徐闻,雷州,97
海口,徐闻,165
宿州,涡阳,109
滁州北,宿州,217
镇平,商南,144
固始,潢川,63
信阳,商城,145
汝州,济源,157
济源,南阳,321
北京,涿州,70
鹰潭,丰城,106
横峰,鹰潭,108
福州,南平南,58
乾安,太平川,100
大安北,乾安,55
大庆西,太阳升,89
烟筒屯,杜尔伯特,26
齐齐哈尔,烟筒屯,50
哈尔滨东,扶余,106
兴城,锦州,71
安庆西,合肥,156
溆浦,安化,71
安化,怀化,175
新余,金华,559
大杨树,加格达奇,96
嫩江,大杨树,92
九三,嫩江,37
讷河,九三,56
拉哈,讷河,39
富裕,拉哈,48
齐齐哈尔,富裕,63
江桥,齐齐哈尔,68
泰来,江桥,66
白城,泰来,102
锦州,新立屯,167
郑州,鹤壁,146
贵阳,息烽,73
邢台,郑州,299
海口,湛江西,306
湛江西,徐闻,113
坪石,乐昌,37
宜春,株洲,152
新友谊,宝清,59
红兴隆,新友谊,18
福利屯,红兴隆,37
笔架山,福利屯,13
佳木斯,笔架山,55
山海关,台安,289
禹城,沧州,181
对青山,哈尔滨,31
宋,对青山,65
安达,宋,60
杜尔伯特,大庆,24
富拉尔基,杜尔伯特,72
哈拉苏,扎兰屯,30
巴林,哈拉苏,32
博克图,巴林,61
南木,博克图,83
扎兰屯,南木,40
大庆,富拉尔基,492
宋,大庆,63
哈尔滨,宋,96
石家庄东,阳泉北,121
晋州,石家庄东,47
临城,石家庄北,72
武安,邯郸,30
磁山,武安,14
阳邑,磁山,33
井店,阳邑,27
涉县,井店,7
黎城,涉县,57
潞城,黎城,41
白沟,霸州,31
临城,元氏,158
沙城,下花园,25
保定,沙城,231
沙城,涿州,191
娘子关,井陉,30
阳泉,娘子关,39
耒阳,韶关东,237
上海南,海宁,108
南堡北,唐山,45
唐海南,南堡北,21
曹妃甸东,唐海南,14
唐山,曹妃甸东,80
九江,开化,280
瑞昌,九江,48
沈阳北,北京,727
张掖,武威,244
伊宁,精河南,200
武威,山丹,191
天祝,武威,158
兰州,天祝,145
辛集,深州,82
延安,吕梁,256
西安,延安,326
凤县,秦岭,63
吴堡,延安,205
洮南,四平,321
大兴,榆树屯,33
大石桥,辽阳,93
亚布力,牡丹江,143
尚志,亚布力,71
玉泉,尚志,79
哈尔滨,德惠,165
阿城,哈尔滨,41
平山,玉泉,13
尚志,平山,69
富县东,西安,256
临清,衡水,106
海安,盐城,103
枣强,聊城,121
长春,双城堡,195
宣化,北京西,165
北京西,沙城,115
金华,宜春,508
重庆北,黔江,280
铜仁,涪陵,409
诸暨,绍兴,150
樟树,进贤,90
融安,通道,138
柳州,融安,153
武隆,黔江,113
重庆北,武隆,167
重庆,华蓥,125
滁州北,扬州,123
达州,重庆,255
张家口南,北京西,190
白涧,北京,134
灵丘,白涧,129
五台山,灵丘,74
代县,繁峙,31
原平,代县,48
涞源,白涧,76
灵丘,涞源,53
平遥,太原,108
北京,晋州,352
徐州,阜阳,74
官厅,沙城,133
北京西,官厅,117
资溪,鹰潭,73
光泽,资溪,44
邵武,光泽,30
顺昌,邵武,91
延平西,顺昌,66
南平南,延平西,14
新化,涟源,51
溆浦,新化,118
福泉,玉屏,209
怀化,镇远,181
祁门,黄山,66
景德镇,祁门,101
景德镇,武夷山,286
罗城,柳州,96
融水,罗城,30
三江县,融安,80
牙屯堡,三江县,37
靖州,牙屯堡,54
怀化,靖州,129
怀化,黔江,322
西峡,西安,344
榆林,延安,141
三明北,九江,499
清水,临泽,100
疏勒河,低窝铺,45
麻城,南昌,336
青岛,胶州,73
永登,武威,192
兰州,永登,111
唐山北,燕郊,115
大石桥,唐山北,738
北京,大石桥,687
潮州,汕头,37
揭阳,潮州,25
丰顺,揭阳,28
兴宁,丰顺,72
秀山,怀化,196
西安南,延安,369
阳高,北京,317
蔡家沟,哈尔滨西,77
绥化,哈尔滨,125
康金井,兴隆镇,38
呼兰,康金井,27
福利屯,佳木斯,68
双鸭山,福利屯,11
丰乐镇,笔架山,10
佳木斯,丰乐镇,45
佳木斯,绥化,209
鹤岗,佳木斯,255
宝泉岭,鹤岗,31
宝泉岭,鹤北,13
勃利,七台河,36
林口,勃利,86
哈尔滨东,牡丹江,360
喀喇其,伊图里河,40
克一河,喀喇其,33
甘河,克一河,43
吉文,甘河,13
阿里河,吉文,42
加格达奇,阿里河,41
呼兰,哈尔滨,32
四方台,绥化,83
北安,孙吴,187
绥化,北安,208
海伦,绥化,102
北安,海伦,103
加格达奇,齐齐哈尔,431
塔河,加格达奇,262
漠河,塔河,184
成高子,哈尔滨东,25
苇河,尚志,51
亚布力南,苇河,24
小岭,帽儿山,21
阿城,小岭,38
香坊,阿城,34
新华,鹤立,7
峻德,新华,9
鹤岗,峻德,20
双丰,庆安,25
铁力,双丰,23
桃山,铁力,11
神树,桃山,23
寒葱沟,抚远,57
东二道河,寒葱沟,33
前锋,东二道河,20
洪河,前锋,29
前进镇,洪河,30
换新天,前进镇,22
建三江,换新天,35
富锦,建三江,52
福利屯,富锦,117
南岔,佳木斯,153
绥化,南岔,229
石人城,兴隆镇,25
大庆,哈尔滨西,181
嫩江,齐齐哈尔,243
宝林,柴河,45
楚山,宝林,11
林口,楚山,30
滴道,鸡西,13
西麻山,滴道,41
迎春,东方红,23
虎林,迎春,37
卫星,虎林,38
杨岗,卫星,17
兴凯,杨岗,336
密山,鸡东,57
虎林,密山,100
密山,卫星,62
阿城,牡丹江,254
昂昂溪,大庆,157
牙克石,昂昂溪,838
大庆,博克图,880
太平镇,佳木斯,32
丰乐镇,太平镇,13
亚布力,一面坡,51
海林,亚布力,121
密山,鸡西,87
东方红,虎林,60
牙克石,大庆,554
讷河,富裕,87
嫩江,讷河,93
阿城,帽儿山,76
秦家,绥化,26
四方台,秦家,14
绥棱,四方台,38
东边井,绥棱,20
海伦,东边井,12
笔架山,太平镇,23
富锦,新友谊,62
同江,富锦,63
佳木斯,新友谊,123
新友谊,福利屯,55
佳木斯,新华,39
下城子,穆棱,10
八面通,下城子,35
铁力,神树,268
呼兰,白奎堡,53
太平镇,福利屯,36
香兰,佳木斯,69
徐家,绥化,103
牡丹江,尚志,214
西柳,大石桥,32
向阳,林口,20
楚山,向阳,10
朱家沟,宝林,24
杨岗,虎林,55
密山,兴凯,28
盘锦北,绥中北,171
盘锦,盘锦北,55
磨刀石,牡丹江,22
穆棱,磨刀石,44
梨树镇,八面通,24
鸡西,梨树镇,59
哈尔滨北,哈尔滨东,22
大庆,哈尔滨北,146
哈尔滨东,安达,136
衢州,株洲,679
富锦,佳木斯,179
庆安,佳木斯,328
康金井,绥化,66
哈尔滨东,康金井,62
九江,新余,296
新华,鹤岗,29
平房,拉林,61
周家,香坊,34
拉林,周家,32
周家,五常,74
拉林,安家,26
孙家,牛家,43
溆浦,娄底,211
张维屯,绥化,48
绥棱,张维屯,22
四方台,张维屯,16
绥棱,秦家,52
赵光,海北,52
李家,赵光,16
通北,李家,21
哈尔滨东,王岗,22
新松浦,哈尔滨东,35
呼兰,新松浦,1
大营镇,枣强,20
聊城,大营镇,101
蕲春,潢川,246
哈尔滨,王岗,13
光山,南昌,461
石头,东京城,14
兰岗,石头,13
宁安,兰岗,11
温春,牡丹江,22
宁安,温春,10
石头,宁安,24
信丰,龙川,178
阜阳,光山,116
宁安,东京城,38
九江,黄州,156
惠州,龙南,264
白城,两家,93
查干湖,长山屯,10
抚顺北,沈阳,65
清河门北,义县西,44
阿金,阜新南,12
新邱,阿金,6
新立屯,新邱,43
小东,新立屯,122
阜新南,新邱,9
叶柏寿,朝阳南,103
松树,瓦房店,26
熊岳城,松树,48
黄泥河,蛟河,75
沈阳,昌图,135
盖州,鞍山,98
大连,普兰店,78
阜新南,沈阳,46
朝阳南,阜新南,160
天义,叶柏寿,38
平庄,天义,54
赤峰,平庄,55
阜新南,北票南,119
元宝山,赤峰,27
平庄,元宝山,28
义县,朝阳南,89
沈阳,沟帮子,169
老边,营口,11
大石桥,老边,11
南杂木,抚顺北,45
苍石,南杂木,29
清原,苍石,25
山城镇,清原,54
梅河口,山城镇,28
吉林,磐石,144
南杂木,清原,54
章党,南杂木,31
抚顺北,章党,14
营口,大石桥,40
烟筒山,磐石,45
吉林,烟筒山,99
口前,吉林,28
烟筒山,口前,71
明城,烟筒山,13
林盛堡,苏家屯,9
辽阳,林盛堡,39
沙海,叶柏寿,23
天义,沙海,15
二龙,天义,13
汐子,二龙,12
乃林,汐子,13
平庄南,乃林,7
平庄,平庄南,9
热水,平庄,14
元宝山,热水,14
马林,赤峰,21
元宝山,马林,6
乃林,平庄,16
上园,北票南,20
义县,上园,28
三十里堡,金州,23
普兰店,三十里堡,22
沈阳北,西丰,127
湘乡,株洲,68
贵阳,玉屏,337
通化,白山市,60
四平,辽源,82
通化,柳河,97
赣州,冠豸山,204
瑞金,赣州,130
龙岩,长汀南,134
吉舒,吉林,69
舒兰,吉舒,21
深井子,沈阳,38
李石寨,深井子,7
大官屯,李石寨,14
抚顺北,大官屯,6
草市,清原,35
山城镇,草市,19
双河镇,烟筒山,31
口前,双河镇,40
草市,梅河口,47
绥中北,沈阳,325
绍兴,杭州东,57
宁波,上虞,80
歪头山,姚千户屯,7
石桥子,歪头山,6
婺源,衢州,114
大石桥,瓦房店,135
周家屯,义县西,17
上园,周家屯,10
能家,北票南,16
朝阳南,能家,25
义县西,上园,25
石岭,四平,34
白泉,石岭,36
辽源,白泉,12
驼腰岭,柳河,19
五道沟,驼腰岭,8
三源浦,五道沟,15
扎鲁特,通辽,121
白音胡硕,扎鲁特,48
霍林郭勒,白音胡硕,235
西哲里木,白音胡硕,113
霍林郭勒,西哲里木,87
西丰,开原,67
周家屯,北票南,30
沈阳,小东,107
朝阳南,上园,61
洮南,双辽,228
五叉沟,索伦,81
阿尔山,五叉沟,65
德伯斯,索伦,17
乌兰浩特,德伯斯,91
双阳,长春,63
辽源,双阳,109
伊通,辽源,72
双阳,伊通,37
伊通,长春,100
建安,辽源,35
伊通,建安,37
小市,本溪,58
八里甸子,小市,79
五女山,八里甸子,50
通化县,五女山,71
通化,通化县,20
白狼,阿尔山,24
五叉沟,白狼,41
明水河,五叉沟,44
德伯斯,明水河,54
大石寨,德伯斯,25
归流河,大石寨,34
乌兰浩特,归流河,32
大石寨,乌兰浩特,66
索伦,大石寨,42
明水河,索伦,37
白狼,明水河,85
上饶,新余,362
青州市,莱阳,277
临湘,武昌,173
乐昌,耒阳,187
青县,杨柳青,69
龙华,德州,30
衡水,龙华,32
怀柔,通州西,50
兴隆县,怀柔,87
北京,怀柔,68
北京西,天津,127
杨柳青,天津西,15
秀山,武隆,239
北京东,怀柔,63
保定,北京东,160
北京,北京西,9
鹰手营子,北京,176
唐山北,承德,173
唐山,唐山北,26
上板城,北京,237
承德,上板城,19
北京,兴隆县,155
辛集,藁城,38
北京东,燕郊,31
三河县,北京东,54
蓟州北,三河县,29
蓟州,蓟州北,5
蓟州北,燕郊,52
北京东,蓟州北,83
忻州,大同,212
应县,大同,67
山阴,应县,21
昆都仑召,包头,22
白云鄂博,昆都仑召,137
包头,呼和浩特,165
额济纳,临河,684
桑根达来,锡林浩特,153
包头,察素齐,114
吉安,进贤,234
信丰,定南,78
汤阴,新乡,1450
濮阳,安阳,99
梅州,丰顺,81
汝州,关林,77
东乡,南昌,103
宜春,上饶,416
金华,株洲,765
洛阳,潼关,175
平顶山,汝州,71
华蓥,重庆北,112
怀化,酉阳,252
河口南,兰州西,32
海石湾,河口南,64
西安,武功,73
锦界,神木,41
榆林,锦界,71
安康,三门峡,524
榆林,西安,595
神木,榆林,112
潼关,安康,327
汝州,偃师,116
襄阳,汝州,293
重庆西,达州,338
郑州,邓州,194
九江,龙川,800
武穴,浠水,69
赣州,武穴,617
砚川,商洛,30
西安,砚川,150
合阳北,张桥,101
胶州,济南,320
潍坊,乳山,311
麻尾,南丹,85
都匀,麻尾,145
宜宾,六盘水,407
昭通,水富,223
独山,都匀,66
麻尾,独山,79
茂名西,文地,96
费县,兖州,138
樟树,鹰潭,170
黔江,涪陵,180
松桃,黔江,172
牙屯堡,通道,23
宿州,淮北,12
柳州,玉林,278
通道,柳州,293
霍邱,阜阳,110
六安,霍邱,56
颍上,阜阳,48
淮南,颍上,78
三堂集,阜阳,47
亳州,三堂集,57
歙县,绩溪县,28
黄山,歙县,22
栟茶,海安,45
如东,栟茶,29
麻尾,柳州,314
水家湖,淮南,25
龙桥,庐江,49
无为南,龙桥,51
芜湖,无为南,97
内江,资阳,97
大关,盐津,50
昭通,大关,86
杭州东,宣城,258
德清西,杭州东,86
芜湖,长兴南,178
水家湖,蚌埠,141
吉安,丰城南,142
祁县,榆次,59
南昌,丰城南,84
余江,鹰潭,21
进贤,余江,59
柳州,金城江,161
东乡,余江,20
贵溪,万年,57
樟树东,南昌西,104
敖汉,赤峰,116
广州东,深圳东,131
襄阳,云梦,237
兴宁,揭阳,100
龙岩,于都,217
汕头,龙川,150
龙川,揭阳,170
高州,茂名,44
信宜,高州,53
三水,肇庆,60
佛山,三水,27
韶关东,长沙,486
广州,衡阳,521
衡阳,邵东,126
九江,太湖,109
新安县,义马,27
秦皇岛,燕郊,263
葫芦岛,秦皇岛,150
北京东,蓟州,77
扎兰屯,富拉尔基,132
陶赖昭,哈尔滨东,132
德保,平果,131
靖西,德保,40
南宁东,黎塘,109
宜昌东,松滋,94
玉林,博白,48
枝城,当阳,133
普定,安顺,42
织金,普定,51
大方南,织金,64
英德,广州东,146
松滋,常德,159
荆门,松滋,151
广安南,重庆西,121
重庆北,广安南,127
广安南,重庆,190
阿城,尚志,100
芦台,锦州,399
徐水,天津,174
天津,白沟,118
苇河,阿城,165
横道河子,苇河,66
织金,安顺,93
纳雍,织金,62
平昌,巴中,52
石梯,平昌,38
达州,石梯,52
三汇镇,达州,40
营山,三汇镇,61
成都,蓬溪,171
平昌,达州,90
涟源,溆浦,169
南充北,成都,213
吉安,株洲,527
赣州,会昌北,96
新余,吉安,321
成都西,成都,18
眉山,成都西,74
峨边,峨眉,76
甘洛,峨边,91
西昌南,西昌,5
德昌,西昌南,56
永郎,德昌,36
米易,永郎,37
桐子林,米易,36
攀枝花,桐子林,22
冕宁,西昌,48
彭山,冕宁,432
成都西,彭山,62
张家口南,阳高,121
大虎山,凌海,83
北京,三河县,59
新民,沈阳北,68
杨林,昆明,58
曲靖,小新街,81
克拉玛依,石河子,239
奎屯,克拉玛依,142
乌鲁木齐,奎屯,232
克拉玛依,沙湾县,201
乌鲁木齐,克拉玛依,374
奎屯,石河子,97
临澧,张家界,151
北京,徐水,128
古浪,兰州西,234
武威,古浪,59
平凉,泾川,68
干塘,中卫,72
景泰,干塘,60
河口南,兰州,42
永登,河口南,69
古浪,天祝,99
武威南,天祝,145
靖远,长征,28
白银市,靖远,59
石嘴山,大武口,17
平原,大明湖,86
和什托洛盖,克拉玛依,155
福海,和什托洛盖,132
北屯市,福海,33
阿勒泰,北屯市,66
叶城,皮山,81
泽普,叶城,36
达坂城,吐鲁番,58
乌鲁木齐南,达坂城,87
尼勒克,乌苏,284
吐鲁番北,库尔勒,357
焉耆,吐鲁番北,265
四棵树,奎屯,49
博乐,四棵树,157
焉耆,和静,31
长春,铁岭,233
王岗,双城堡,353
四棵树,乌苏,33
乌鲁木齐南,吐鲁番,145
精河南,奎屯,172
吐鲁番,库尔勒,334
和硕,吐鲁番,237
喀什,巴楚,246
北屯市,奎屯,462
奎屯,福海,429
宜良北,昆明,83
石林,宜良北,28
田林,兴义,185
叶城,莎车,59
阿克陶,莎车,149
铁厂沟,克拉玛依,179
额敏,铁厂沟,89
塔城,额敏,49
甘洛,西昌,237
彭山,眉山,15
成都,彭山,77
魏家泉,乌鲁木齐,74
准东,魏家泉,141
德令哈,西宁,521
格尔木,德令哈,309
达州,遂宁,225
乔庄东,北京,23
通州,乔庄东,3
北京东,通州,15
北京,北京东,5
北京东,乔庄东,18
通州,北京,20
怀柔北,黄土店,78
黑山寺,怀柔北,15
古北口,黑山寺,42
雁栖湖,怀柔北,5
昌平北,雁栖湖,45
黄土店,昌平北,28
天津北,宝坻,69
宝坻,蓟州北,40
天津,宝坻,73
郑州,襄阳,499
鹰潭,赣州,500
徐州,德州,437
嘉兴,昆山,143
开封,徐州,277
郑州,渭南,455
许昌,信阳,216
白洋淀,保定,47
天津,白洋淀,260
徐水,霸州,73
驻马店,郑州,206
南昌,黄石,250
哈尔滨,沈阳北,546
沈阳,长春,303
盘锦,大石桥,109
徐州,济南,319
邹城,徐州,142
济南,邹城,177
大连,瓦房店,105
丹霞山,韶关东,31
南雄,丹霞山,62
石家庄北,保定,145
武昌,阜阳,361
一面坡,海林,172
唐山北,沈阳北,649
高台,嘉峪关,186
西安,郑州,511
沭阳,徐州,161
惠州,广州东,140
洛阳,邯郸,371
石家庄,洛阳,532
合肥,商城,199
泰山,天津,430
天津,兖州,513
肇东,对青山,32
宋,肇东,33
土溪,蓬安,68
达州,土溪,50
茶陵南,井冈山,112
郑州,信阳,302
武昌,漯河,397
鹰潭,衡阳,624
鞍山,瓦房店,203
沈阳,哈尔滨,549
松滋,当阳,99
柳州,怀化,453
道州,零陵,86
大板,桑根达来,289
黄石,南昌西,320
花园,武昌,61
霸州,白洋淀,50
茶陵南,吉安,203
衡阳,茶陵南,107
昆明,师宗,158
鹰潭,炎陵,492
白城,通辽,183
信阳,丹凤,436
沈阳北,北戴河,426
南阳,平顶山,151
大庆东,哈尔滨北,126
德惠,沃皮,38
五棵树,榆树,33
米沙子,德惠,48
刘家店,陶赖昭,35
德惠,五棵树,65
五棵树,长春,146
新立镇,榆树,21
谢家镇,新立镇,16
舒兰,谢家镇,24
安阳,渭南,642
北戴河,燕郊,241
徐州,沧州,550
天祝,兰州西,135
吕梁,太原南,173
胶州,平度,64
平度,蓝村,85
衡阳,井冈山,181
扬州,东台,158
南京,东台,259
盐城,南京,322
兰溪,金华,23
衢州,井冈山,632
容县,玉林,75
太原,延安,441
株洲,广州,655
张家界,常德,198
华城,兴宁,15
龙川,华城,55
南宁,崇左,122
钦州东,防城港北,48
越西,峨眉,214
喜德,西昌,74
普雄,喜德,87
汉源,普雄,116
成都,峨眉,156
彭山,成都南,53
汉源,眉山,188
喜德,汉源,203
冕宁,喜德,26
米易,德昌,76
西昌南,米易,129
尼勒克,奎屯,300
皮山,墨玉,141
吐鲁番北,和硕,260
长沙,郴州,333
密云北,鹰手营子,65
北京东,通州西,13
承德,下台子,70
三家店,官厅,65
北京西,三家店,31
廊坊北,北京西,64
官厅西,三家店,64
沙城,官厅西,20
三家店,北京,37
张掖,兰州,547
敦煌,嘉峪关,363
兰州西,张掖,537
伊宁,奎屯,372
霍尔果斯,伊宁,73
福海,克拉玛依,287
郑州,石家庄,412
株洲,广州东,663
上海,金华,390
南昌西,赣州,412
阜阳,九江,459
天津,菏泽,577
秦皇岛,天津,285
阜阳,天津,850
天水,兰州,348
南昌,阜阳,594
深圳,惠州,115
天津,石家庄,319
菏泽,衡水,308
襄阳东,安康,373
广州,长沙,707
成都,营山,273
漯河,宝丰,107
九江,菏泽,732
衡水,九江,1040
北京,徐州,814
阜阳,赣州,1006
吉安,阜阳,832
深圳东,惠州,107
娄底,长沙,177
哈尔滨,北京,1249
西安,石家庄,919
西安,天水,328
徐州,天津西,543
辽中,北京,635
泰山,沧州,304
新乡,石家庄,109
那曲,拉萨,322
安多,那曲,126
格尔木,安多,694
西安,兰州,676
哈尔滨西,北京,1242
徐州,天津,705
惠农,银川,102
衡水,张家口南,446
张家口南,聊城,632
霸州,衡水,182
西安,北京西,1200
石家庄北,天津,401
南京,衡水,897
石家庄北,南京,1029
东方,海口,373
东方,三亚,145
哈尔滨,秦皇岛,950
石家庄,孝感,854
北京,石家庄,287
武昌,石家庄,944
石家庄北,北京西,291
中卫,太原,751
那曲,格尔木,820
阜阳,北京,865
广州,武昌,1069
唐山,沈阳北,566
沈阳北,天津,123
武昌,深圳,1216
嘉兴,黄石,999
华山,郑州,388
金华,武昌,812
文水,吕梁,99
太原南,文水,74
盐池,灵武,113
定边,太原,520
德州,兖州,257
天津西,德州,246
桂林北,衡阳,335
扬州,北京,1228
汉口,石家庄,924
金华,黄石,719
大同,北京,374
黄石,义乌,707
石家庄,沙城,396
郑州,北京西,689
武昌,北京西,1225
延安,石家庄北,666
汉口,郑州,516
孝感,郑州,86
太原南,中卫,739
武夷山,南平南,149
衡水,阜阳,569
北京,衡水,284
鹰潭,阜阳,750
饶阳,北京,222
长春,北京,1003
四平,北京,917
九江,北京西,1314
乌鲁木齐南,马兰,340
焉耆,乌鲁木齐南,414
乌鲁木齐南,库尔勒,479
伊宁,乌鲁木齐,604
黄州,北京西,1158
安阳,洛阳,311
太原,大同,300
汾阳,太原南,91
大石桥,天津,684
双城堡,唐山北,1047
唐山北,哈尔滨,1100
南京,渭南,1152
海宁,苏州,206
西安,南京,1208
曲水县,拉萨,56
尼木,曲水县,47
仁布,尼木,48
日喀则,仁布,97
拉萨,日喀则,248
无锡,渭南,1327
达州,梁平,89
广州东,长沙,715
格尔木,西宁,830
拉萨,格尔木,1142
